Rank_x,Player,Team_x,Age_x,Gp_x,W_x,L_x,Min_x,Pts,Fgm_x,Fga_x,Fg%,3Pm,3Pa,3P%,Ftm,Fta,Ft%,Oreb,Dreb,Reb,Ast,Tov,Stl,Blk,Pf,Fp,Dd2,Td3,Plus/Minus,Year_x,Rank_y,Team_y,Age_y,Gp_y,W_y,L_y,Min_y,Usg%,%Fgm,%Fga,%3Pm,%3Pa,%Ftm,%Fta,%Oreb,%Dreb,%Reb,%Ast,%Tov,%Stl,%Blk,%Blka,%Pf,%Pfd,%Pts,Pos_x,Body Fat %,Hand Length (Inches),Hand Width (Inches),Height W/O Shoes,Height W/ Shoes,Standing Reach,Weight (Lbs),Wingspan,Pos_y,Lane Agility Time,Shuttle Run,Three Quarter Sprint,Standing Vertical Leap,Max Vertical Leap,Max Bench Press,Unnamed: 8,Position,Fgm_y,Fga_y,Fgm.1,Fga.1,Fgm.2,Fga.2,Fgm.3,Fga.3,Fgm.4,Fga.4,Team,Startdate,Enddate,Injurylengthdays,Injurynotes,Injurytype,Year_y
257.0,AL-FAROUQ AMINU,LAC,20.0,81.0,31.0,50.0,17.9,5.6,2.0,5.0,39.4,0.6,1.8,31.5,1.1,1.5,77.3,0.9,2.4,3.3,0.7,1.3,0.7,0.3,1.5,12.5,0.0,0.0,-2.3,2010-2011,,,,,,,,,,,,,,,,,,,,,,,,,,SF,0.082,9.5,9.5,79.25,80.5,108.5,216.0,87.25,SF,11.29,,3.3,27.0,33.5,13.0,,,,,,,,,,,,,Blazers,2016-12-05,2016-12-13,8.0,activated from IL,,2016.0
257.0,AL-FAROUQ AMINU,LAC,20.0,81.0,31.0,50.0,17.9,5.6,2.0,5.0,39.4,0.6,1.8,31.5,1.1,1.5,77.3,0.9,2.4,3.3,0.7,1.3,0.7,0.3,1.5,12.5,0.0,0.0,-2.3,2010-2011,,,,,,,,,,,,,,,,,,,,,,,,,,SF,0.082,9.5,9.5,79.25,80.5,108.5,216.0,87.25,SF,11.29,,3.3,27.0,33.5,13.0,,,,,,,,,,,,,Blazers,2016-12-21,2017-11-02,316.0,activated from IL,,2016.0
418.0,ANDY RAUTINS,NYK,24.0,5.0,2.0,3.0,4.8,1.6,0.6,1.4,42.9,0.2,0.8,25.0,0.2,0.4,50.0,0.0,0.2,0.2,0.6,1.4,0.2,0.0,0.0,1.9,0.0,0.0,-2.2,2010-2011,,,,,,,,,,,,,,,,,,,,,,,,,,SG,0.062,8.0,9.75,76.25,77.0,100.0,191.6,79.0,SG,11.27,,3.49,23.5,30.5,8.0,,,,,,,,,,,,,Knicks,2011-01-04,2011-01-19,15.0,activated from IL,,2011.0
418.0,ANDY RAUTINS,NYK,24.0,5.0,2.0,3.0,4.8,1.6,0.6,1.4,42.9,0.2,0.8,25.0,0.2,0.4,50.0,0.0,0.2,0.2,0.6,1.4,0.2,0.0,0.0,1.9,0.0,0.0,-2.2,2010-2011,,,,,,,,,,,,,,,,,,,,,,,,,,SG,0.062,8.0,9.75,76.25,77.0,100.0,191.6,79.0,SG,11.27,,3.49,23.5,30.5,8.0,,,,,,,,,,,,,Knicks,2011-01-28,2011-02-04,7.0,activated from IL,,2011.0
418.0,ANDY RAUTINS,NYK,24.0,5.0,2.0,3.0,4.8,1.6,0.6,1.4,42.9,0.2,0.8,25.0,0.2,0.4,50.0,0.0,0.2,0.2,0.6,1.4,0.2,0.0,0.0,1.9,0.0,0.0,-2.2,2010-2011,,,,,,,,,,,,,,,,,,,,,,,,,,SG,0.062,8.0,9.75,76.25,77.0,100.0,191.6,79.0,SG,11.27,,3.49,23.5,30.5,8.0,,,,,,,,,,,,,Knicks,2011-02-06,2011-02-16,10.0,activated from IL,,2011.0
418.0,ANDY RAUTINS,NYK,24.0,5.0,2.0,3.0,4.8,1.6,0.6,1.4,42.9,0.2,0.8,25.0,0.2,0.4,50.0,0.0,0.2,0.2,0.6,1.4,0.2,0.0,0.0,1.9,0.0,0.0,-2.2,2010-2011,,,,,,,,,,,,,,,,,,,,,,,,,,SG,0.062,8.0,9.75,76.25,77.0,100.0,191.6,79.0,SG,11.27,,3.49,23.5,30.5,8.0,,,,,,,,,,,,,Knicks,2011-03-06,2011-03-09,3.0,activated from IL,,2011.0
368.0,ARMON JOHNSON,POR,22.0,38.0,20.0,18.0,7.3,2.9,1.2,2.7,45.5,0.1,0.3,41.7,0.3,0.6,59.1,0.3,0.7,0.9,1.2,1.0,0.1,0.0,0.8,5.3,0.0,0.0,-0.6,2010-2011,,,,,,,,,,,,,,,,,,,,,,,,,,PG-SG,0.056,8.25,9.25,74.0,75.25,99.5,195.2,80.0,PG-SG,11.25,,3.19,31.5,38.5,18.0,,,,,,,,,,,,,Blazers,2012-01-16,2012-01-20,4.0,activated from IL,,2012.0
368.0,ARMON JOHNSON,POR,22.0,38.0,20.0,18.0,7.3,2.9,1.2,2.7,45.5,0.1,0.3,41.7,0.3,0.6,59.1,0.3,0.7,0.9,1.2,1.0,0.1,0.0,0.8,5.3,0.0,0.0,-0.6,2010-2011,,,,,,,,,,,,,,,,,,,,,,,,,,PG-SG,0.056,8.25,9.25,74.0,75.25,99.5,195.2,80.0,PG-SG,11.25,,3.19,31.5,38.5,18.0,,,,,,,,,,,,,Blazers,2012-02-01,2012-02-04,3.0,activated from IL,,2012.0
368.0,ARMON JOHNSON,POR,22.0,38.0,20.0,18.0,7.3,2.9,1.2,2.7,45.5,0.1,0.3,41.7,0.3,0.6,59.1,0.3,0.7,0.9,1.2,1.0,0.1,0.0,0.8,5.3,0.0,0.0,-0.6,2010-2011,,,,,,,,,,,,,,,,,,,,,,,,,,PG-SG,0.056,8.25,9.25,74.0,75.25,99.5,195.2,80.0,PG-SG,11.25,,3.19,31.5,38.5,18.0,,,,,,,,,,,,,Blazers,2012-02-06,2012-02-08,2.0,activated from IL,,2012.0
368.0,ARMON JOHNSON,POR,22.0,38.0,20.0,18.0,7.3,2.9,1.2,2.7,45.5,0.1,0.3,41.7,0.3,0.6,59.1,0.3,0.7,0.9,1.2,1.0,0.1,0.0,0.8,5.3,0.0,0.0,-0.6,2010-2011,,,,,,,,,,,,,,,,,,,,,,,,,,PG-SG,0.056,8.25,9.25,74.0,75.25,99.5,195.2,80.0,PG-SG,11.25,,3.19,31.5,38.5,18.0,,,,,,,,,,,,,Blazers,2012-02-15,2012-02-18,3.0,activated from IL,,2012.0
415.0,AVERY BRADLEY,BOS,20.0,31.0,21.0,10.0,5.2,1.7,0.7,2.2,34.3,0.0,0.2,0.0,0.2,0.4,50.0,0.1,0.4,0.5,0.4,0.5,0.3,0.0,0.6,3.3,0.0,0.0,-1.8,2010-2011,,,,,,,,,,,,,,,,,,,,,,,,,,SG-PG,0.04,8.25,9.5,74.0,75.25,98.5,180.4,79.25,SG-PG,11.47,,3.14,31.5,37.5,2.0,,,,,,,,,,,,,Celtics,2010-11-21,2011-01-14,54.0,activated from IL,,2010.0
415.0,AVERY BRADLEY,BOS,20.0,31.0,21.0,10.0,5.2,1.7,0.7,2.2,34.3,0.0,0.2,0.0,0.2,0.4,50.0,0.1,0.4,0.5,0.4,0.5,0.3,0.0,0.6,3.3,0.0,0.0,-1.8,2010-2011,,,,,,,,,,,,,,,,,,,,,,,,,,SG-PG,0.04,8.25,9.5,74.0,75.25,98.5,180.4,79.25,SG-PG,11.47,,3.14,31.5,37.5,2.0,,,,,,,,,,,,,Celtics,2011-02-07,2011-03-31,52.0,activated from IL,,2011.0
415.0,AVERY BRADLEY,BOS,20.0,31.0,21.0,10.0,5.2,1.7,0.7,2.2,34.3,0.0,0.2,0.0,0.2,0.4,50.0,0.1,0.4,0.5,0.4,0.5,0.3,0.0,0.6,3.3,0.0,0.0,-1.8,2010-2011,,,,,,,,,,,,,,,,,,,,,,,,,,SG-PG,0.04,8.25,9.5,74.0,75.25,98.5,180.4,79.25,SG-PG,11.47,,3.14,31.5,37.5,2.0,,,,,,,,,,,,,Celtics,2011-04-01,2011-04-03,2.0,activated from IL,,2011.0
415.0,AVERY BRADLEY,BOS,20.0,31.0,21.0,10.0,5.2,1.7,0.7,2.2,34.3,0.0,0.2,0.0,0.2,0.4,50.0,0.1,0.4,0.5,0.4,0.5,0.3,0.0,0.6,3.3,0.0,0.0,-1.8,2010-2011,,,,,,,,,,,,,,,,,,,,,,,,,,SG-PG,0.04,8.25,9.5,74.0,75.25,98.5,180.4,79.25,SG-PG,11.47,,3.14,31.5,37.5,2.0,,,,,,,,,,,,,Celtics,2011-04-08,2011-04-10,2.0,activated from IL,,2011.0
415.0,AVERY BRADLEY,BOS,20.0,31.0,21.0,10.0,5.2,1.7,0.7,2.2,34.3,0.0,0.2,0.0,0.2,0.4,50.0,0.1,0.4,0.5,0.4,0.5,0.3,0.0,0.6,3.3,0.0,0.0,-1.8,2010-2011,,,,,,,,,,,,,,,,,,,,,,,,,,SG-PG,0.04,8.25,9.5,74.0,75.25,98.5,180.4,79.25,SG-PG,11.47,,3.14,31.5,37.5,2.0,,,,,,,,,,,,,Celtics,2011-04-11,2011-04-17,6.0,activated from IL,,2011.0
415.0,AVERY BRADLEY,BOS,20.0,31.0,21.0,10.0,5.2,1.7,0.7,2.2,34.3,0.0,0.2,0.0,0.2,0.4,50.0,0.1,0.4,0.5,0.4,0.5,0.3,0.0,0.6,3.3,0.0,0.0,-1.8,2010-2011,,,,,,,,,,,,,,,,,,,,,,,,,,SG-PG,0.04,8.25,9.5,74.0,75.25,98.5,180.4,79.25,SG-PG,11.47,,3.14,31.5,37.5,2.0,,,,,,,,,,,,,Celtics,2013-01-02,2014-01-24,387.0,activated from IL,,2013.0
415.0,AVERY BRADLEY,BOS,20.0,31.0,21.0,10.0,5.2,1.7,0.7,2.2,34.3,0.0,0.2,0.0,0.2,0.4,50.0,0.1,0.4,0.5,0.4,0.5,0.3,0.0,0.6,3.3,0.0,0.0,-1.8,2010-2011,,,,,,,,,,,,,,,,,,,,,,,,,,SG-PG,0.04,8.25,9.5,74.0,75.25,98.5,180.4,79.25,SG-PG,11.47,,3.14,31.5,37.5,2.0,,,,,,,,,,,,,Celtics,2014-01-31,2014-02-19,19.0,activated from IL,,2014.0
415.0,AVERY BRADLEY,BOS,20.0,31.0,21.0,10.0,5.2,1.7,0.7,2.2,34.3,0.0,0.2,0.0,0.2,0.4,50.0,0.1,0.4,0.5,0.4,0.5,0.3,0.0,0.6,3.3,0.0,0.0,-1.8,2010-2011,,,,,,,,,,,,,,,,,,,,,,,,,,SG-PG,0.04,8.25,9.5,74.0,75.25,98.5,180.4,79.25,SG-PG,11.47,,3.14,31.5,37.5,2.0,,,,,,,,,,,,,Celtics,2014-03-09,2014-12-12,278.0,activated from IL,,2014.0
415.0,AVERY BRADLEY,BOS,20.0,31.0,21.0,10.0,5.2,1.7,0.7,2.2,34.3,0.0,0.2,0.0,0.2,0.4,50.0,0.1,0.4,0.5,0.4,0.5,0.3,0.0,0.6,3.3,0.0,0.0,-1.8,2010-2011,,,,,,,,,,,,,,,,,,,,,,,,,,SG-PG,0.04,8.25,9.5,74.0,75.25,98.5,180.4,79.25,SG-PG,11.47,,3.14,31.5,37.5,2.0,,,,,,,,,,,,,Celtics,2014-12-15,2015-03-06,81.0,activated from IL,,2014.0
415.0,AVERY BRADLEY,BOS,20.0,31.0,21.0,10.0,5.2,1.7,0.7,2.2,34.3,0.0,0.2,0.0,0.2,0.4,50.0,0.1,0.4,0.5,0.4,0.5,0.3,0.0,0.6,3.3,0.0,0.0,-1.8,2010-2011,,,,,,,,,,,,,,,,,,,,,,,,,,SG-PG,0.04,8.25,9.5,74.0,75.25,98.5,180.4,79.25,SG-PG,11.47,,3.14,31.5,37.5,2.0,,,,,,,,,,,,,Celtics,2015-03-11,2015-04-15,35.0,activated from IL,,2015.0
415.0,AVERY BRADLEY,BOS,20.0,31.0,21.0,10.0,5.2,1.7,0.7,2.2,34.3,0.0,0.2,0.0,0.2,0.4,50.0,0.1,0.4,0.5,0.4,0.5,0.3,0.0,0.6,3.3,0.0,0.0,-1.8,2010-2011,,,,,,,,,,,,,,,,,,,,,,,,,,SG-PG,0.04,8.25,9.5,74.0,75.25,98.5,180.4,79.25,SG-PG,11.47,,3.14,31.5,37.5,2.0,,,,,,,,,,,,,Celtics,2015-04-19,2015-11-11,206.0,activated from IL,,2015.0
415.0,AVERY BRADLEY,BOS,20.0,31.0,21.0,10.0,5.2,1.7,0.7,2.2,34.3,0.0,0.2,0.0,0.2,0.4,50.0,0.1,0.4,0.5,0.4,0.5,0.3,0.0,0.6,3.3,0.0,0.0,-1.8,2010-2011,,,,,,,,,,,,,,,,,,,,,,,,,,SG-PG,0.04,8.25,9.5,74.0,75.25,98.5,180.4,79.25,SG-PG,11.47,,3.14,31.5,37.5,2.0,,,,,,,,,,,,,Celtics,2015-11-13,2016-01-04,52.0,activated from IL,,2015.0
415.0,AVERY BRADLEY,BOS,20.0,31.0,21.0,10.0,5.2,1.7,0.7,2.2,34.3,0.0,0.2,0.0,0.2,0.4,50.0,0.1,0.4,0.5,0.4,0.5,0.3,0.0,0.6,3.3,0.0,0.0,-1.8,2010-2011,,,,,,,,,,,,,,,,,,,,,,,,,,SG-PG,0.04,8.25,9.5,74.0,75.25,98.5,180.4,79.25,SG-PG,11.47,,3.14,31.5,37.5,2.0,,,,,,,,,,,,,Celtics,2016-01-10,2016-04-19,100.0,activated from IL,,2016.0
415.0,AVERY BRADLEY,BOS,20.0,31.0,21.0,10.0,5.2,1.7,0.7,2.2,34.3,0.0,0.2,0.0,0.2,0.4,50.0,0.1,0.4,0.5,0.4,0.5,0.3,0.0,0.6,3.3,0.0,0.0,-1.8,2010-2011,,,,,,,,,,,,,,,,,,,,,,,,,,SG-PG,0.04,8.25,9.5,74.0,75.25,98.5,180.4,79.25,SG-PG,11.47,,3.14,31.5,37.5,2.0,,,,,,,,,,,,,Celtics,2017-01-16,2017-01-21,5.0,activated from IL,,2017.0
415.0,AVERY BRADLEY,BOS,20.0,31.0,21.0,10.0,5.2,1.7,0.7,2.2,34.3,0.0,0.2,0.0,0.2,0.4,50.0,0.1,0.4,0.5,0.4,0.5,0.3,0.0,0.6,3.3,0.0,0.0,-1.8,2010-2011,,,,,,,,,,,,,,,,,,,,,,,,,,SG-PG,0.04,8.25,9.5,74.0,75.25,98.5,180.4,79.25,SG-PG,11.47,,3.14,31.5,37.5,2.0,,,,,,,,,,,,,Celtics,2017-02-27,2017-03-05,6.0,activated from IL,,2017.0
415.0,AVERY BRADLEY,BOS,20.0,31.0,21.0,10.0,5.2,1.7,0.7,2.2,34.3,0.0,0.2,0.0,0.2,0.4,50.0,0.1,0.4,0.5,0.4,0.5,0.3,0.0,0.6,3.3,0.0,0.0,-1.8,2010-2011,,,,,,,,,,,,,,,,,,,,,,,,,,SG-PG,0.04,8.25,9.5,74.0,75.25,98.5,180.4,79.25,SG-PG,11.47,,3.14,31.5,37.5,2.0,,,,,,,,,,,,,Celtics,2017-03-06,2017-03-31,25.0,activated from IL,,2017.0
415.0,AVERY BRADLEY,BOS,20.0,31.0,21.0,10.0,5.2,1.7,0.7,2.2,34.3,0.0,0.2,0.0,0.2,0.4,50.0,0.1,0.4,0.5,0.4,0.5,0.3,0.0,0.6,3.3,0.0,0.0,-1.8,2010-2011,,,,,,,,,,,,,,,,,,,,,,,,,,SG-PG,0.04,8.25,9.5,74.0,75.25,98.5,180.4,79.25,SG-PG,11.47,,3.14,31.5,37.5,2.0,,,,,,,,,,,,,Clippers,2018-02-03,2018-02-22,19.0,activated from IL,,2018.0
415.0,AVERY BRADLEY,BOS,20.0,31.0,21.0,10.0,5.2,1.7,0.7,2.2,34.3,0.0,0.2,0.0,0.2,0.4,50.0,0.1,0.4,0.5,0.4,0.5,0.3,0.0,0.6,3.3,0.0,0.0,-1.8,2010-2011,,,,,,,,,,,,,,,,,,,,,,,,,,SG-PG,0.04,8.25,9.5,74.0,75.25,98.5,180.4,79.25,SG-PG,11.47,,3.14,31.5,37.5,2.0,,,,,,,,,,,,,Lakers,2019-12-11,2021-12-16,736.0,activated from IL,,2019.0
415.0,AVERY BRADLEY,BOS,20.0,31.0,21.0,10.0,5.2,1.7,0.7,2.2,34.3,0.0,0.2,0.0,0.2,0.4,50.0,0.1,0.4,0.5,0.4,0.5,0.3,0.0,0.6,3.3,0.0,0.0,-1.8,2010-2011,,,,,,,,,,,,,,,,,,,,,,,,,,SG-PG,0.04,8.25,9.5,74.0,75.25,98.5,180.4,79.25,SG-PG,11.47,,3.14,31.5,37.5,2.0,,,,,,,,,,,,,Heat,2021-01-27,2021-02-24,28.0,activated from IL,,2021.0
415.0,AVERY BRADLEY,BOS,20.0,31.0,21.0,10.0,5.2,1.7,0.7,2.2,34.3,0.0,0.2,0.0,0.2,0.4,50.0,0.1,0.4,0.5,0.4,0.5,0.3,0.0,0.6,3.3,0.0,0.0,-1.8,2010-2011,,,,,,,,,,,,,,,,,,,,,,,,,,SG-PG,0.04,8.25,9.5,74.0,75.25,98.5,180.4,79.25,SG-PG,11.47,,3.14,31.5,37.5,2.0,,,,,,,,,,,,,Lakers,2021-12-25,2022-02-15,52.0,activated from IL,,2021.0
430.0,COLE ALDRICH,OKC,22.0,18.0,11.0,7.0,7.9,1.0,0.4,0.8,53.3,0.0,0.0,0.0,0.1,0.2,50.0,0.7,1.2,1.9,0.2,0.4,0.3,0.4,1.7,5.2,0.0,0.0,0.4,2010-2011,,,,,,,,,,,,,,,,,,,,,,,,,,C,0.085,9.0,9.25,81.0,83.25,111.5,236.0,88.75,C,11.48,,3.35,23.0,28.0,10.0,,,,,,,,,,,,,Thunder,2010-12-17,2010-12-25,8.0,activated from IL,,2010.0
430.0,COLE ALDRICH,OKC,22.0,18.0,11.0,7.0,7.9,1.0,0.4,0.8,53.3,0.0,0.0,0.0,0.1,0.2,50.0,0.7,1.2,1.9,0.2,0.4,0.3,0.4,1.7,5.2,0.0,0.0,0.4,2010-2011,,,,,,,,,,,,,,,,,,,,,,,,,,C,0.085,9.0,9.25,81.0,83.25,111.5,236.0,88.75,C,11.48,,3.35,23.0,28.0,10.0,,,,,,,,,,,,,Thunder,2011-02-02,2011-02-04,2.0,activated from IL,,2011.0
430.0,COLE ALDRICH,OKC,22.0,18.0,11.0,7.0,7.9,1.0,0.4,0.8,53.3,0.0,0.0,0.0,0.1,0.2,50.0,0.7,1.2,1.9,0.2,0.4,0.3,0.4,1.7,5.2,0.0,0.0,0.4,2010-2011,,,,,,,,,,,,,,,,,,,,,,,,,,C,0.085,9.0,9.25,81.0,83.25,111.5,236.0,88.75,C,11.48,,3.35,23.0,28.0,10.0,,,,,,,,,,,,,Thunder,2011-02-21,2011-03-30,37.0,activated from IL,,2011.0
374.0,CRAIG BRACKINS,PHI,23.0,3.0,0.0,3.0,10.9,2.7,1.3,5.3,25.0,0.0,1.7,0.0,0.0,0.0,0.0,0.7,0.7,1.3,0.3,0.0,0.3,0.0,1.0,5.8,0.0,0.0,-3.7,2010-2011,,,,,,,,,,,,,,,,,,,,,,,,,,PF-SF,0.079,9.5,11.25,80.5,81.75,109.0,229.0,84.0,PF-SF,11.65,,3.39,26.0,35.0,6.0,,,,,,,,,,,,,76ers,2010-11-10,2010-11-12,2.0,activated from IL,,2010.0
374.0,CRAIG BRACKINS,PHI,23.0,3.0,0.0,3.0,10.9,2.7,1.3,5.3,25.0,0.0,1.7,0.0,0.0,0.0,0.0,0.7,0.7,1.3,0.3,0.0,0.3,0.0,1.0,5.8,0.0,0.0,-3.7,2010-2011,,,,,,,,,,,,,,,,,,,,,,,,,,PF-SF,0.079,9.5,11.25,80.5,81.75,109.0,229.0,84.0,PF-SF,11.65,,3.39,26.0,35.0,6.0,,,,,,,,,,,,,76ers,2010-11-24,2010-11-27,3.0,activated from IL,,2010.0
374.0,CRAIG BRACKINS,PHI,23.0,3.0,0.0,3.0,10.9,2.7,1.3,5.3,25.0,0.0,1.7,0.0,0.0,0.0,0.0,0.7,0.7,1.3,0.3,0.0,0.3,0.0,1.0,5.8,0.0,0.0,-3.7,2010-2011,,,,,,,,,,,,,,,,,,,,,,,,,,PF-SF,0.079,9.5,11.25,80.5,81.75,109.0,229.0,84.0,PF-SF,11.65,,3.39,26.0,35.0,6.0,,,,,,,,,,,,,76ers,2010-12-22,2011-01-14,23.0,activated from IL,,2010.0
374.0,CRAIG BRACKINS,PHI,23.0,3.0,0.0,3.0,10.9,2.7,1.3,5.3,25.0,0.0,1.7,0.0,0.0,0.0,0.0,0.7,0.7,1.3,0.3,0.0,0.3,0.0,1.0,5.8,0.0,0.0,-3.7,2010-2011,,,,,,,,,,,,,,,,,,,,,,,,,,PF-SF,0.079,9.5,11.25,80.5,81.75,109.0,229.0,84.0,PF-SF,11.65,,3.39,26.0,35.0,6.0,,,,,,,,,,,,,76ers,2011-03-06,2011-03-14,8.0,activated from IL,,2011.0
374.0,CRAIG BRACKINS,PHI,23.0,3.0,0.0,3.0,10.9,2.7,1.3,5.3,25.0,0.0,1.7,0.0,0.0,0.0,0.0,0.7,0.7,1.3,0.3,0.0,0.3,0.0,1.0,5.8,0.0,0.0,-3.7,2010-2011,,,,,,,,,,,,,,,,,,,,,,,,,,PF-SF,0.079,9.5,11.25,80.5,81.75,109.0,229.0,84.0,PF-SF,11.65,,3.39,26.0,35.0,6.0,,,,,,,,,,,,,76ers,2011-03-19,2011-04-16,28.0,activated from IL,,2011.0
374.0,CRAIG BRACKINS,PHI,23.0,3.0,0.0,3.0,10.9,2.7,1.3,5.3,25.0,0.0,1.7,0.0,0.0,0.0,0.0,0.7,0.7,1.3,0.3,0.0,0.3,0.0,1.0,5.8,0.0,0.0,-3.7,2010-2011,,,,,,,,,,,,,,,,,,,,,,,,,,PF-SF,0.079,9.5,11.25,80.5,81.75,109.0,229.0,84.0,PF-SF,11.65,,3.39,26.0,35.0,6.0,,,,,,,,,,,,,76ers,2012-03-02,2012-03-17,15.0,activated from IL,,2012.0
374.0,CRAIG BRACKINS,PHI,23.0,3.0,0.0,3.0,10.9,2.7,1.3,5.3,25.0,0.0,1.7,0.0,0.0,0.0,0.0,0.7,0.7,1.3,0.3,0.0,0.3,0.0,1.0,5.8,0.0,0.0,-3.7,2010-2011,,,,,,,,,,,,,,,,,,,,,,,,,,PF-SF,0.079,9.5,11.25,80.5,81.75,109.0,229.0,84.0,PF-SF,11.65,,3.39,26.0,35.0,6.0,,,,,,,,,,,,,76ers,2012-03-21,2012-05-12,52.0,activated from IL,,2012.0
374.0,CRAIG BRACKINS,PHI,23.0,3.0,0.0,3.0,10.9,2.7,1.3,5.3,25.0,0.0,1.7,0.0,0.0,0.0,0.0,0.7,0.7,1.3,0.3,0.0,0.3,0.0,1.0,5.8,0.0,0.0,-3.7,2010-2011,,,,,,,,,,,,,,,,,,,,,,,,,,PF-SF,0.079,9.5,11.25,80.5,81.75,109.0,229.0,84.0,PF-SF,11.65,,3.39,26.0,35.0,6.0,,,,,,,,,,,,,76ers,2012-03-27,2012-05-12,46.0,activated from IL (P),,2012.0
307.0,DAMION JAMES,NJN,23.0,25.0,7.0,18.0,16.1,4.4,1.8,4.1,44.7,0.0,0.1,0.0,0.7,1.1,64.3,0.7,2.7,3.4,0.8,1.0,0.6,0.5,1.4,12.0,0.0,0.0,-1.2,2010-2011,,,,,,,,,,,,,,,,,,,,,,,,,,SF,0.096,9.25,8.5,78.25,79.75,107.0,226.6,84.75,SF,10.89,,3.2,29.0,33.0,13.0,,,,,,,,,,,,,Nets,2010-11-23,2010-12-12,19.0,activated from IL,,2010.0
307.0,DAMION JAMES,NJN,23.0,25.0,7.0,18.0,16.1,4.4,1.8,4.1,44.7,0.0,0.1,0.0,0.7,1.1,64.3,0.7,2.7,3.4,0.8,1.0,0.6,0.5,1.4,12.0,0.0,0.0,-1.2,2010-2011,,,,,,,,,,,,,,,,,,,,,,,,,,SF,0.096,9.25,8.5,78.25,79.75,107.0,226.6,84.75,SF,10.89,,3.2,29.0,33.0,13.0,,,,,,,,,,,,,Nets,2011-02-25,2011-03-09,12.0,activated from IL,,2011.0
307.0,DAMION JAMES,NJN,23.0,25.0,7.0,18.0,16.1,4.4,1.8,4.1,44.7,0.0,0.1,0.0,0.7,1.1,64.3,0.7,2.7,3.4,0.8,1.0,0.6,0.5,1.4,12.0,0.0,0.0,-1.2,2010-2011,,,,,,,,,,,,,,,,,,,,,,,,,,SF,0.096,9.25,8.5,78.25,79.75,107.0,226.6,84.75,SF,10.89,,3.2,29.0,33.0,13.0,,,,,,,,,,,,,Nets,2011-03-17,2011-03-25,8.0,activated from IL,,2011.0
307.0,DAMION JAMES,NJN,23.0,25.0,7.0,18.0,16.1,4.4,1.8,4.1,44.7,0.0,0.1,0.0,0.7,1.1,64.3,0.7,2.7,3.4,0.8,1.0,0.6,0.5,1.4,12.0,0.0,0.0,-1.2,2010-2011,,,,,,,,,,,,,,,,,,,,,,,,,,SF,0.096,9.25,8.5,78.25,79.75,107.0,226.6,84.75,SF,10.89,,3.2,29.0,33.0,13.0,,,,,,,,,,,,,Nets,2011-03-26,2011-03-30,4.0,activated from IL,,2011.0
307.0,DAMION JAMES,NJN,23.0,25.0,7.0,18.0,16.1,4.4,1.8,4.1,44.7,0.0,0.1,0.0,0.7,1.1,64.3,0.7,2.7,3.4,0.8,1.0,0.6,0.5,1.4,12.0,0.0,0.0,-1.2,2010-2011,,,,,,,,,,,,,,,,,,,,,,,,,,SF,0.096,9.25,8.5,78.25,79.75,107.0,226.6,84.75,SF,10.89,,3.2,29.0,33.0,13.0,,,,,,,,,,,,,Nets,2011-04-06,2012-01-09,278.0,activated from IL,,2011.0
307.0,DAMION JAMES,NJN,23.0,25.0,7.0,18.0,16.1,4.4,1.8,4.1,44.7,0.0,0.1,0.0,0.7,1.1,64.3,0.7,2.7,3.4,0.8,1.0,0.6,0.5,1.4,12.0,0.0,0.0,-1.2,2010-2011,,,,,,,,,,,,,,,,,,,,,,,,,,SF,0.096,9.25,8.5,78.25,79.75,107.0,226.6,84.75,SF,10.89,,3.2,29.0,33.0,13.0,,,,,,,,,,,,,Spurs,2014-04-08,2014-04-10,2.0,activated from IL,,2014.0
307.0,DAMION JAMES,NJN,23.0,25.0,7.0,18.0,16.1,4.4,1.8,4.1,44.7,0.0,0.1,0.0,0.7,1.1,64.3,0.7,2.7,3.4,0.8,1.0,0.6,0.5,1.4,12.0,0.0,0.0,-1.2,2010-2011,,,,,,,,,,,,,,,,,,,,,,,,,,SF,0.096,9.25,8.5,78.25,79.75,107.0,226.6,84.75,SF,10.89,,3.2,29.0,33.0,13.0,,,,,,,,,,,,,Spurs,2014-04-11,2014-04-20,9.0,activated from IL,,2014.0
70.0,DEMARCUS COUSINS,SAC,20.0,81.0,23.0,58.0,28.5,14.1,5.3,12.4,43.0,0.0,0.2,16.7,3.4,5.0,68.7,2.7,6.0,8.6,2.5,3.3,1.0,0.8,4.1,30.6,26.0,0.0,-3.3,2010-2011,,,,,,,,,,,,,,,,,,,,,,,,,,C,0.164,9.25,10.0,81.5,82.75,113.0,291.8,89.75,C,11.4,,3.55,23.5,27.5,,,,,,,,,,,,,,Kings,2012-01-03,2013-12-03,700.0,activated from IL,,2012.0
70.0,DEMARCUS COUSINS,SAC,20.0,81.0,23.0,58.0,28.5,14.1,5.3,12.4,43.0,0.0,0.2,16.7,3.4,5.0,68.7,2.7,6.0,8.6,2.5,3.3,1.0,0.8,4.1,30.6,26.0,0.0,-3.3,2010-2011,,,,,,,,,,,,,,,,,,,,,,,,,,C,0.164,9.25,10.0,81.5,82.75,113.0,291.8,89.75,C,11.4,,3.55,23.5,27.5,,,,,,,,,,,,,,Kings,2013-12-06,2014-01-24,49.0,activated from IL,,2013.0
70.0,DEMARCUS COUSINS,SAC,20.0,81.0,23.0,58.0,28.5,14.1,5.3,12.4,43.0,0.0,0.2,16.7,3.4,5.0,68.7,2.7,6.0,8.6,2.5,3.3,1.0,0.8,4.1,30.6,26.0,0.0,-3.3,2010-2011,,,,,,,,,,,,,,,,,,,,,,,,,,C,0.164,9.25,10.0,81.5,82.75,113.0,291.8,89.75,C,11.4,,3.55,23.5,27.5,,,,,,,,,,,,,,Kings,2014-02-01,2014-02-19,18.0,activated from IL,,2014.0
70.0,DEMARCUS COUSINS,SAC,20.0,81.0,23.0,58.0,28.5,14.1,5.3,12.4,43.0,0.0,0.2,16.7,3.4,5.0,68.7,2.7,6.0,8.6,2.5,3.3,1.0,0.8,4.1,30.6,26.0,0.0,-3.3,2010-2011,,,,,,,,,,,,,,,,,,,,,,,,,,C,0.164,9.25,10.0,81.5,82.75,113.0,291.8,89.75,C,11.4,,3.55,23.5,27.5,,,,,,,,,,,,,,Kings,2014-02-21,2014-11-28,280.0,activated from IL,,2014.0
70.0,DEMARCUS COUSINS,SAC,20.0,81.0,23.0,58.0,28.5,14.1,5.3,12.4,43.0,0.0,0.2,16.7,3.4,5.0,68.7,2.7,6.0,8.6,2.5,3.3,1.0,0.8,4.1,30.6,26.0,0.0,-3.3,2010-2011,,,,,,,,,,,,,,,,,,,,,,,,,,C,0.164,9.25,10.0,81.5,82.75,113.0,291.8,89.75,C,11.4,,3.55,23.5,27.5,,,,,,,,,,,,,,Kings,2014-12-18,2014-12-26,8.0,activated from IL,,2014.0
70.0,DEMARCUS COUSINS,SAC,20.0,81.0,23.0,58.0,28.5,14.1,5.3,12.4,43.0,0.0,0.2,16.7,3.4,5.0,68.7,2.7,6.0,8.6,2.5,3.3,1.0,0.8,4.1,30.6,26.0,0.0,-3.3,2010-2011,,,,,,,,,,,,,,,,,,,,,,,,,,C,0.164,9.25,10.0,81.5,82.75,113.0,291.8,89.75,C,11.4,,3.55,23.5,27.5,,,,,,,,,,,,,,Kings,2014-12-27,2015-02-27,62.0,activated from IL,,2014.0
70.0,DEMARCUS COUSINS,SAC,20.0,81.0,23.0,58.0,28.5,14.1,5.3,12.4,43.0,0.0,0.2,16.7,3.4,5.0,68.7,2.7,6.0,8.6,2.5,3.3,1.0,0.8,4.1,30.6,26.0,0.0,-3.3,2010-2011,,,,,,,,,,,,,,,,,,,,,,,,,,C,0.164,9.25,10.0,81.5,82.75,113.0,291.8,89.75,C,11.4,,3.55,23.5,27.5,,,,,,,,,,,,,,Kings,2015-03-03,2015-03-20,17.0,activated from IL,,2015.0
70.0,DEMARCUS COUSINS,SAC,20.0,81.0,23.0,58.0,28.5,14.1,5.3,12.4,43.0,0.0,0.2,16.7,3.4,5.0,68.7,2.7,6.0,8.6,2.5,3.3,1.0,0.8,4.1,30.6,26.0,0.0,-3.3,2010-2011,,,,,,,,,,,,,,,,,,,,,,,,,,C,0.164,9.25,10.0,81.5,82.75,113.0,291.8,89.75,C,11.4,,3.55,23.5,27.5,,,,,,,,,,,,,,Kings,2015-03-21,2015-04-07,17.0,activated from IL,,2015.0
70.0,DEMARCUS COUSINS,SAC,20.0,81.0,23.0,58.0,28.5,14.1,5.3,12.4,43.0,0.0,0.2,16.7,3.4,5.0,68.7,2.7,6.0,8.6,2.5,3.3,1.0,0.8,4.1,30.6,26.0,0.0,-3.3,2010-2011,,,,,,,,,,,,,,,,,,,,,,,,,,C,0.164,9.25,10.0,81.5,82.75,113.0,291.8,89.75,C,11.4,,3.55,23.5,27.5,,,,,,,,,,,,,,Kings,2015-11-09,2015-11-28,19.0,activated from IL,,2015.0
70.0,DEMARCUS COUSINS,SAC,20.0,81.0,23.0,58.0,28.5,14.1,5.3,12.4,43.0,0.0,0.2,16.7,3.4,5.0,68.7,2.7,6.0,8.6,2.5,3.3,1.0,0.8,4.1,30.6,26.0,0.0,-3.3,2010-2011,,,,,,,,,,,,,,,,,,,,,,,,,,C,0.164,9.25,10.0,81.5,82.75,113.0,291.8,89.75,C,11.4,,3.55,23.5,27.5,,,,,,,,,,,,,,Kings,2015-11-30,2016-04-13,135.0,activated from IL,,2015.0
70.0,DEMARCUS COUSINS,SAC,20.0,81.0,23.0,58.0,28.5,14.1,5.3,12.4,43.0,0.0,0.2,16.7,3.4,5.0,68.7,2.7,6.0,8.6,2.5,3.3,1.0,0.8,4.1,30.6,26.0,0.0,-3.3,2010-2011,,,,,,,,,,,,,,,,,,,,,,,,,,C,0.164,9.25,10.0,81.5,82.75,113.0,291.8,89.75,C,11.4,,3.55,23.5,27.5,,,,,,,,,,,,,,Warriors,2019-01-18,2019-02-13,26.0,activated from IL,,2019.0
70.0,DEMARCUS COUSINS,SAC,20.0,81.0,23.0,58.0,28.5,14.1,5.3,12.4,43.0,0.0,0.2,16.7,3.4,5.0,68.7,2.7,6.0,8.6,2.5,3.3,1.0,0.8,4.1,30.6,26.0,0.0,-3.3,2010-2011,,,,,,,,,,,,,,,,,,,,,,,,,,C,0.164,9.25,10.0,81.5,82.75,113.0,291.8,89.75,C,11.4,,3.55,23.5,27.5,,,,,,,,,,,,,,Warriors,2019-02-21,2019-02-27,6.0,activated from IL,,2019.0
70.0,DEMARCUS COUSINS,SAC,20.0,81.0,23.0,58.0,28.5,14.1,5.3,12.4,43.0,0.0,0.2,16.7,3.4,5.0,68.7,2.7,6.0,8.6,2.5,3.3,1.0,0.8,4.1,30.6,26.0,0.0,-3.3,2010-2011,,,,,,,,,,,,,,,,,,,,,,,,,,C,0.164,9.25,10.0,81.5,82.75,113.0,291.8,89.75,C,11.4,,3.55,23.5,27.5,,,,,,,,,,,,,,Warriors,2019-02-28,2019-03-18,18.0,activated from IL,,2019.0
70.0,DEMARCUS COUSINS,SAC,20.0,81.0,23.0,58.0,28.5,14.1,5.3,12.4,43.0,0.0,0.2,16.7,3.4,5.0,68.7,2.7,6.0,8.6,2.5,3.3,1.0,0.8,4.1,30.6,26.0,0.0,-3.3,2010-2011,,,,,,,,,,,,,,,,,,,,,,,,,,C,0.164,9.25,10.0,81.5,82.75,113.0,291.8,89.75,C,11.4,,3.55,23.5,27.5,,,,,,,,,,,,,,Warriors,2019-03-21,2019-03-24,3.0,activated from IL,,2019.0
403.0,DERRICK CARACTER,LAL,23.0,41.0,29.0,12.0,5.2,2.0,0.8,1.6,48.5,0.0,0.0,0.0,0.4,0.6,73.9,0.5,0.6,1.0,0.2,0.5,0.1,0.2,1.1,4.1,0.0,0.0,-1.4,2010-2011,,,,,,,,,,,,,,,,,,,,,,,,,,PF,0.128,9.0,10.25,80.25,81.5,107.5,280.0,84.25,PF,12.78,,3.61,25.0,30.5,22.0,,,,,,,,,,,,,Lakers,2010-11-11,2010-12-19,38.0,activated from IL,,2010.0
403.0,DERRICK CARACTER,LAL,23.0,41.0,29.0,12.0,5.2,2.0,0.8,1.6,48.5,0.0,0.0,0.0,0.4,0.6,73.9,0.5,0.6,1.0,0.2,0.5,0.1,0.2,1.1,4.1,0.0,0.0,-1.4,2010-2011,,,,,,,,,,,,,,,,,,,,,,,,,,PF,0.128,9.0,10.25,80.25,81.5,107.5,280.0,84.25,PF,12.78,,3.61,25.0,30.5,22.0,,,,,,,,,,,,,Lakers,2010-12-25,2011-03-31,96.0,activated from IL,,2010.0
403.0,DERRICK CARACTER,LAL,23.0,41.0,29.0,12.0,5.2,2.0,0.8,1.6,48.5,0.0,0.0,0.0,0.4,0.6,73.9,0.5,0.6,1.0,0.2,0.5,0.1,0.2,1.1,4.1,0.0,0.0,-1.4,2010-2011,,,,,,,,,,,,,,,,,,,,,,,,,,PF,0.128,9.0,10.25,80.25,81.5,107.5,280.0,84.25,PF,12.78,,3.61,25.0,30.5,22.0,,,,,,,,,,,,,Lakers,2011-04-13,2011-04-17,4.0,activated from IL,,2011.0
403.0,DERRICK CARACTER,LAL,23.0,41.0,29.0,12.0,5.2,2.0,0.8,1.6,48.5,0.0,0.0,0.0,0.4,0.6,73.9,0.5,0.6,1.0,0.2,0.5,0.1,0.2,1.1,4.1,0.0,0.0,-1.4,2010-2011,,,,,,,,,,,,,,,,,,,,,,,,,,PF,0.128,9.0,10.25,80.25,81.5,107.5,280.0,84.25,PF,12.78,,3.61,25.0,30.5,22.0,,,,,,,,,,,,,Lakers,2012-01-25,2012-01-28,3.0,activated from IL,,2012.0
229.0,DERRICK FAVORS,UTA,19.0,78.0,25.0,53.0,19.7,6.8,2.8,5.3,51.7,0.0,0.0,0.0,1.3,2.2,59.5,2.2,3.1,5.3,0.5,1.0,0.4,0.9,3.2,16.7,4.0,0.0,-3.0,2010-2011,,,,,,,,,,,,,,,,,,,,,,,,,,PF,0.065,8.75,9.25,80.75,82.25,110.0,245.2,88.0,PF,11.74,,3.25,31.5,35.5,14.0,,,,,,,,,,,,,Jazz,2013-12-11,2014-01-21,41.0,activated from IL,,2013.0
229.0,DERRICK FAVORS,UTA,19.0,78.0,25.0,53.0,19.7,6.8,2.8,5.3,51.7,0.0,0.0,0.0,1.3,2.2,59.5,2.2,3.1,5.3,0.5,1.0,0.4,0.9,3.2,16.7,4.0,0.0,-3.0,2010-2011,,,,,,,,,,,,,,,,,,,,,,,,,,PF,0.065,8.75,9.25,80.75,82.25,110.0,245.2,88.0,PF,11.74,,3.25,31.5,35.5,14.0,,,,,,,,,,,,,Jazz,2014-01-25,2014-01-31,6.0,activated from IL,,2014.0
229.0,DERRICK FAVORS,UTA,19.0,78.0,25.0,53.0,19.7,6.8,2.8,5.3,51.7,0.0,0.0,0.0,1.3,2.2,59.5,2.2,3.1,5.3,0.5,1.0,0.4,0.9,3.2,16.7,4.0,0.0,-3.0,2010-2011,,,,,,,,,,,,,,,,,,,,,,,,,,PF,0.065,8.75,9.25,80.75,82.25,110.0,245.2,88.0,PF,11.74,,3.25,31.5,35.5,14.0,,,,,,,,,,,,,Jazz,2014-02-07,2014-02-19,12.0,activated from IL,,2014.0
229.0,DERRICK FAVORS,UTA,19.0,78.0,25.0,53.0,19.7,6.8,2.8,5.3,51.7,0.0,0.0,0.0,1.3,2.2,59.5,2.2,3.1,5.3,0.5,1.0,0.4,0.9,3.2,16.7,4.0,0.0,-3.0,2010-2011,,,,,,,,,,,,,,,,,,,,,,,,,,PF,0.065,8.75,9.25,80.75,82.25,110.0,245.2,88.0,PF,11.74,,3.25,31.5,35.5,14.0,,,,,,,,,,,,,Jazz,2014-02-24,2014-12-14,293.0,activated from IL,,2014.0
229.0,DERRICK FAVORS,UTA,19.0,78.0,25.0,53.0,19.7,6.8,2.8,5.3,51.7,0.0,0.0,0.0,1.3,2.2,59.5,2.2,3.1,5.3,0.5,1.0,0.4,0.9,3.2,16.7,4.0,0.0,-3.0,2010-2011,,,,,,,,,,,,,,,,,,,,,,,,,,PF,0.065,8.75,9.25,80.75,82.25,110.0,245.2,88.0,PF,11.74,,3.25,31.5,35.5,14.0,,,,,,,,,,,,,Jazz,2014-12-17,2016-11-17,701.0,activated from IL,,2014.0
229.0,DERRICK FAVORS,UTA,19.0,78.0,25.0,53.0,19.7,6.8,2.8,5.3,51.7,0.0,0.0,0.0,1.3,2.2,59.5,2.2,3.1,5.3,0.5,1.0,0.4,0.9,3.2,16.7,4.0,0.0,-3.0,2010-2011,,,,,,,,,,,,,,,,,,,,,,,,,,PF,0.065,8.75,9.25,80.75,82.25,110.0,245.2,88.0,PF,11.74,,3.25,31.5,35.5,14.0,,,,,,,,,,,,,Jazz,2016-12-14,2017-02-01,49.0,activated from IL,,2016.0
229.0,DERRICK FAVORS,UTA,19.0,78.0,25.0,53.0,19.7,6.8,2.8,5.3,51.7,0.0,0.0,0.0,1.3,2.2,59.5,2.2,3.1,5.3,0.5,1.0,0.4,0.9,3.2,16.7,4.0,0.0,-3.0,2010-2011,,,,,,,,,,,,,,,,,,,,,,,,,,PF,0.065,8.75,9.25,80.75,82.25,110.0,245.2,88.0,PF,11.74,,3.25,31.5,35.5,14.0,,,,,,,,,,,,,Jazz,2017-02-04,2017-03-08,32.0,activated from IL,,2017.0
229.0,DERRICK FAVORS,UTA,19.0,78.0,25.0,53.0,19.7,6.8,2.8,5.3,51.7,0.0,0.0,0.0,1.3,2.2,59.5,2.2,3.1,5.3,0.5,1.0,0.4,0.9,3.2,16.7,4.0,0.0,-3.0,2010-2011,,,,,,,,,,,,,,,,,,,,,,,,,,PF,0.065,8.75,9.25,80.75,82.25,110.0,245.2,88.0,PF,11.74,,3.25,31.5,35.5,14.0,,,,,,,,,,,,,Jazz,2017-04-07,2017-04-10,3.0,activated from IL,,2017.0
229.0,DERRICK FAVORS,UTA,19.0,78.0,25.0,53.0,19.7,6.8,2.8,5.3,51.7,0.0,0.0,0.0,1.3,2.2,59.5,2.2,3.1,5.3,0.5,1.0,0.4,0.9,3.2,16.7,4.0,0.0,-3.0,2010-2011,,,,,,,,,,,,,,,,,,,,,,,,,,PF,0.065,8.75,9.25,80.75,82.25,110.0,245.2,88.0,PF,11.74,,3.25,31.5,35.5,14.0,,,,,,,,,,,,,Jazz,2017-04-12,2018-03-20,342.0,activated from IL,,2017.0
229.0,DERRICK FAVORS,UTA,19.0,78.0,25.0,53.0,19.7,6.8,2.8,5.3,51.7,0.0,0.0,0.0,1.3,2.2,59.5,2.2,3.1,5.3,0.5,1.0,0.4,0.9,3.2,16.7,4.0,0.0,-3.0,2010-2011,,,,,,,,,,,,,,,,,,,,,,,,,,PF,0.065,8.75,9.25,80.75,82.25,110.0,245.2,88.0,PF,11.74,,3.25,31.5,35.5,14.0,,,,,,,,,,,,,Jazz,2017-12-20,2018-03-20,90.0,activated from IL,,2017.0
229.0,DERRICK FAVORS,UTA,19.0,78.0,25.0,53.0,19.7,6.8,2.8,5.3,51.7,0.0,0.0,0.0,1.3,2.2,59.5,2.2,3.1,5.3,0.5,1.0,0.4,0.9,3.2,16.7,4.0,0.0,-3.0,2010-2011,,,,,,,,,,,,,,,,,,,,,,,,,,PF,0.065,8.75,9.25,80.75,82.25,110.0,245.2,88.0,PF,11.74,,3.25,31.5,35.5,14.0,,,,,,,,,,,,,Jazz,2018-03-22,2018-10-28,220.0,activated from IL,,2018.0
229.0,DERRICK FAVORS,UTA,19.0,78.0,25.0,53.0,19.7,6.8,2.8,5.3,51.7,0.0,0.0,0.0,1.3,2.2,59.5,2.2,3.1,5.3,0.5,1.0,0.4,0.9,3.2,16.7,4.0,0.0,-3.0,2010-2011,,,,,,,,,,,,,,,,,,,,,,,,,,PF,0.065,8.75,9.25,80.75,82.25,110.0,245.2,88.0,PF,11.74,,3.25,31.5,35.5,14.0,,,,,,,,,,,,,Jazz,2018-10-31,2019-04-01,152.0,activated from IL,,2018.0
229.0,DERRICK FAVORS,UTA,19.0,78.0,25.0,53.0,19.7,6.8,2.8,5.3,51.7,0.0,0.0,0.0,1.3,2.2,59.5,2.2,3.1,5.3,0.5,1.0,0.4,0.9,3.2,16.7,4.0,0.0,-3.0,2010-2011,,,,,,,,,,,,,,,,,,,,,,,,,,PF,0.065,8.75,9.25,80.75,82.25,110.0,245.2,88.0,PF,11.74,,3.25,31.5,35.5,14.0,,,,,,,,,,,,,Jazz,2019-04-09,2021-01-27,659.0,activated from IL,,2019.0
229.0,DERRICK FAVORS,UTA,19.0,78.0,25.0,53.0,19.7,6.8,2.8,5.3,51.7,0.0,0.0,0.0,1.3,2.2,59.5,2.2,3.1,5.3,0.5,1.0,0.4,0.9,3.2,16.7,4.0,0.0,-3.0,2010-2011,,,,,,,,,,,,,,,,,,,,,,,,,,PF,0.065,8.75,9.25,80.75,82.25,110.0,245.2,88.0,PF,11.74,,3.25,31.5,35.5,14.0,,,,,,,,,,,,,Jazz,2021-01-31,2021-04-16,75.0,activated from IL,,2021.0
229.0,DERRICK FAVORS,UTA,19.0,78.0,25.0,53.0,19.7,6.8,2.8,5.3,51.7,0.0,0.0,0.0,1.3,2.2,59.5,2.2,3.1,5.3,0.5,1.0,0.4,0.9,3.2,16.7,4.0,0.0,-3.0,2010-2011,,,,,,,,,,,,,,,,,,,,,,,,,,PF,0.065,8.75,9.25,80.75,82.25,110.0,245.2,88.0,PF,11.74,,3.25,31.5,35.5,14.0,,,,,,,,,,,,,Thunder,2021-10-27,2021-11-15,19.0,activated from IL,,2021.0
229.0,DERRICK FAVORS,UTA,19.0,78.0,25.0,53.0,19.7,6.8,2.8,5.3,51.7,0.0,0.0,0.0,1.3,2.2,59.5,2.2,3.1,5.3,0.5,1.0,0.4,0.9,3.2,16.7,4.0,0.0,-3.0,2010-2011,,,,,,,,,,,,,,,,,,,,,,,,,,PF,0.065,8.75,9.25,80.75,82.25,110.0,245.2,88.0,PF,11.74,,3.25,31.5,35.5,14.0,,,,,,,,,,,,,Thunder,2021-11-17,2021-11-19,2.0,activated from IL,,2021.0
229.0,DERRICK FAVORS,UTA,19.0,78.0,25.0,53.0,19.7,6.8,2.8,5.3,51.7,0.0,0.0,0.0,1.3,2.2,59.5,2.2,3.1,5.3,0.5,1.0,0.4,0.9,3.2,16.7,4.0,0.0,-3.0,2010-2011,,,,,,,,,,,,,,,,,,,,,,,,,,PF,0.065,8.75,9.25,80.75,82.25,110.0,245.2,88.0,PF,11.74,,3.25,31.5,35.5,14.0,,,,,,,,,,,,,Thunder,2021-11-20,2021-11-29,9.0,activated from IL,,2021.0
229.0,DERRICK FAVORS,UTA,19.0,78.0,25.0,53.0,19.7,6.8,2.8,5.3,51.7,0.0,0.0,0.0,1.3,2.2,59.5,2.2,3.1,5.3,0.5,1.0,0.4,0.9,3.2,16.7,4.0,0.0,-3.0,2010-2011,,,,,,,,,,,,,,,,,,,,,,,,,,PF,0.065,8.75,9.25,80.75,82.25,110.0,245.2,88.0,PF,11.74,,3.25,31.5,35.5,14.0,,,,,,,,,,,,,Thunder,2021-12-05,2021-12-28,23.0,activated from IL,,2021.0
229.0,DERRICK FAVORS,UTA,19.0,78.0,25.0,53.0,19.7,6.8,2.8,5.3,51.7,0.0,0.0,0.0,1.3,2.2,59.5,2.2,3.1,5.3,0.5,1.0,0.4,0.9,3.2,16.7,4.0,0.0,-3.0,2010-2011,,,,,,,,,,,,,,,,,,,,,,,,,,PF,0.065,8.75,9.25,80.75,82.25,110.0,245.2,88.0,PF,11.74,,3.25,31.5,35.5,14.0,,,,,,,,,,,,,Thunder,2021-12-29,2022-01-07,9.0,activated from IL,,2021.0
229.0,DERRICK FAVORS,UTA,19.0,78.0,25.0,53.0,19.7,6.8,2.8,5.3,51.7,0.0,0.0,0.0,1.3,2.2,59.5,2.2,3.1,5.3,0.5,1.0,0.4,0.9,3.2,16.7,4.0,0.0,-3.0,2010-2011,,,,,,,,,,,,,,,,,,,,,,,,,,PF,0.065,8.75,9.25,80.75,82.25,110.0,245.2,88.0,PF,11.74,,3.25,31.5,35.5,14.0,,,,,,,,,,,,,Thunder,2022-01-09,2022-01-23,14.0,activated from IL,,2022.0
229.0,DERRICK FAVORS,UTA,19.0,78.0,25.0,53.0,19.7,6.8,2.8,5.3,51.7,0.0,0.0,0.0,1.3,2.2,59.5,2.2,3.1,5.3,0.5,1.0,0.4,0.9,3.2,16.7,4.0,0.0,-3.0,2010-2011,,,,,,,,,,,,,,,,,,,,,,,,,,PF,0.065,8.75,9.25,80.75,82.25,110.0,245.2,88.0,PF,11.74,,3.25,31.5,35.5,14.0,,,,,,,,,,,,,Thunder,2022-01-30,2022-03-31,60.0,activated from IL,,2022.0
365.0,DEVIN EBANKS,LAL,21.0,20.0,15.0,5.0,5.9,3.1,1.1,2.6,41.2,0.1,0.3,40.0,0.9,1.2,78.3,0.8,0.6,1.4,0.1,0.3,0.2,0.3,0.4,5.9,0.0,0.0,-2.1,2010-2011,,,,,,,,,,,,,,,,,,,,,,,,,,SF,0.079,8.25,9.0,79.0,80.25,107.5,207.8,84.25,SF,11.69,,3.44,23.5,32.0,6.0,,,,,,,,,,,,,Lakers,2010-11-09,2010-12-14,35.0,activated from IL,,2010.0
365.0,DEVIN EBANKS,LAL,21.0,20.0,15.0,5.0,5.9,3.1,1.1,2.6,41.2,0.1,0.3,40.0,0.9,1.2,78.3,0.8,0.6,1.4,0.1,0.3,0.2,0.3,0.4,5.9,0.0,0.0,-2.1,2010-2011,,,,,,,,,,,,,,,,,,,,,,,,,,SF,0.079,8.25,9.0,79.0,80.25,107.5,207.8,84.25,SF,11.69,,3.44,23.5,32.0,6.0,,,,,,,,,,,,,Lakers,2010-12-15,2010-12-17,2.0,activated from IL,,2010.0
365.0,DEVIN EBANKS,LAL,21.0,20.0,15.0,5.0,5.9,3.1,1.1,2.6,41.2,0.1,0.3,40.0,0.9,1.2,78.3,0.8,0.6,1.4,0.1,0.3,0.2,0.3,0.4,5.9,0.0,0.0,-2.1,2010-2011,,,,,,,,,,,,,,,,,,,,,,,,,,SF,0.079,8.25,9.0,79.0,80.25,107.5,207.8,84.25,SF,11.69,,3.44,23.5,32.0,6.0,,,,,,,,,,,,,Lakers,2010-12-19,2010-12-25,6.0,activated from IL,,2010.0
365.0,DEVIN EBANKS,LAL,21.0,20.0,15.0,5.0,5.9,3.1,1.1,2.6,41.2,0.1,0.3,40.0,0.9,1.2,78.3,0.8,0.6,1.4,0.1,0.3,0.2,0.3,0.4,5.9,0.0,0.0,-2.1,2010-2011,,,,,,,,,,,,,,,,,,,,,,,,,,SF,0.079,8.25,9.0,79.0,80.25,107.5,207.8,84.25,SF,11.69,,3.44,23.5,32.0,6.0,,,,,,,,,,,,,Lakers,2011-01-09,2011-03-04,54.0,activated from IL,,2011.0
365.0,DEVIN EBANKS,LAL,21.0,20.0,15.0,5.0,5.9,3.1,1.1,2.6,41.2,0.1,0.3,40.0,0.9,1.2,78.3,0.8,0.6,1.4,0.1,0.3,0.2,0.3,0.4,5.9,0.0,0.0,-2.1,2010-2011,,,,,,,,,,,,,,,,,,,,,,,,,,SF,0.079,8.25,9.0,79.0,80.25,107.5,207.8,84.25,SF,11.69,,3.44,23.5,32.0,6.0,,,,,,,,,,,,,Lakers,2012-02-29,2012-03-06,6.0,activated from IL,,2012.0
365.0,DEVIN EBANKS,LAL,21.0,20.0,15.0,5.0,5.9,3.1,1.1,2.6,41.2,0.1,0.3,40.0,0.9,1.2,78.3,0.8,0.6,1.4,0.1,0.3,0.2,0.3,0.4,5.9,0.0,0.0,-2.1,2010-2011,,,,,,,,,,,,,,,,,,,,,,,,,,SF,0.079,8.25,9.0,79.0,80.25,107.5,207.8,84.25,SF,11.69,,3.44,23.5,32.0,6.0,,,,,,,,,,,,,Lakers,2012-03-07,2012-11-09,247.0,activated from IL,,2012.0
365.0,DEVIN EBANKS,LAL,21.0,20.0,15.0,5.0,5.9,3.1,1.1,2.6,41.2,0.1,0.3,40.0,0.9,1.2,78.3,0.8,0.6,1.4,0.1,0.3,0.2,0.3,0.4,5.9,0.0,0.0,-2.1,2010-2011,,,,,,,,,,,,,,,,,,,,,,,,,,SF,0.079,8.25,9.0,79.0,80.25,107.5,207.8,84.25,SF,11.69,,3.44,23.5,32.0,6.0,,,,,,,,,,,,,Lakers,2012-11-13,2013-04-21,159.0,activated from IL,,2012.0
430.0,DEXTER PITTMAN,MIA,23.0,2.0,2.0,0.0,5.6,1.0,0.5,1.5,33.3,0.0,0.0,0.0,0.0,0.0,0.0,0.5,1.0,1.5,0.0,1.0,0.0,0.0,1.0,1.8,0.0,0.0,4.0,2010-2011,,,,,,,,,,,,,,,,,,,,,,,,,,PF-C,0.208,10.25,10.5,81.5,83.5,111.0,302.6,90.0,PF-C,,,,,,,,,,,,,,,,,,,Heat,2011-04-01,2011-04-03,2.0,activated from IL,,2011.0
430.0,DEXTER PITTMAN,MIA,23.0,2.0,2.0,0.0,5.6,1.0,0.5,1.5,33.3,0.0,0.0,0.0,0.0,0.0,0.0,0.5,1.0,1.5,0.0,1.0,0.0,0.0,1.0,1.8,0.0,0.0,4.0,2010-2011,,,,,,,,,,,,,,,,,,,,,,,,,,PF-C,0.208,10.25,10.5,81.5,83.5,111.0,302.6,90.0,PF-C,,,,,,,,,,,,,,,,,,,Heat,2012-01-19,2012-01-21,2.0,activated from IL,,2012.0
430.0,DEXTER PITTMAN,MIA,23.0,2.0,2.0,0.0,5.6,1.0,0.5,1.5,33.3,0.0,0.0,0.0,0.0,0.0,0.0,0.5,1.0,1.5,0.0,1.0,0.0,0.0,1.0,1.8,0.0,0.0,4.0,2010-2011,,,,,,,,,,,,,,,,,,,,,,,,,,PF-C,0.208,10.25,10.5,81.5,83.5,111.0,302.6,90.0,PF-C,,,,,,,,,,,,,,,,,,,Heat,2012-01-22,2012-02-13,22.0,activated from IL,,2012.0
430.0,DEXTER PITTMAN,MIA,23.0,2.0,2.0,0.0,5.6,1.0,0.5,1.5,33.3,0.0,0.0,0.0,0.0,0.0,0.0,0.5,1.0,1.5,0.0,1.0,0.0,0.0,1.0,1.8,0.0,0.0,4.0,2010-2011,,,,,,,,,,,,,,,,,,,,,,,,,,PF-C,0.208,10.25,10.5,81.5,83.5,111.0,302.6,90.0,PF-C,,,,,,,,,,,,,,,,,,,Heat,2012-02-19,2012-04-10,51.0,activated from IL,,2012.0
430.0,DEXTER PITTMAN,MIA,23.0,2.0,2.0,0.0,5.6,1.0,0.5,1.5,33.3,0.0,0.0,0.0,0.0,0.0,0.0,0.5,1.0,1.5,0.0,1.0,0.0,0.0,1.0,1.8,0.0,0.0,4.0,2010-2011,,,,,,,,,,,,,,,,,,,,,,,,,,PF-C,0.208,10.25,10.5,81.5,83.5,111.0,302.6,90.0,PF-C,,,,,,,,,,,,,,,,,,,Heat,2012-04-13,2012-06-12,60.0,activated from IL,,2012.0
430.0,DEXTER PITTMAN,MIA,23.0,2.0,2.0,0.0,5.6,1.0,0.5,1.5,33.3,0.0,0.0,0.0,0.0,0.0,0.0,0.5,1.0,1.5,0.0,1.0,0.0,0.0,1.0,1.8,0.0,0.0,4.0,2010-2011,,,,,,,,,,,,,,,,,,,,,,,,,,PF-C,0.208,10.25,10.5,81.5,83.5,111.0,302.6,90.0,PF-C,,,,,,,,,,,,,,,,,,,Heat,2012-11-24,2012-12-06,12.0,activated from IL,,2012.0
430.0,DEXTER PITTMAN,MIA,23.0,2.0,2.0,0.0,5.6,1.0,0.5,1.5,33.3,0.0,0.0,0.0,0.0,0.0,0.0,0.5,1.0,1.5,0.0,1.0,0.0,0.0,1.0,1.8,0.0,0.0,4.0,2010-2011,,,,,,,,,,,,,,,,,,,,,,,,,,PF-C,0.208,10.25,10.5,81.5,83.5,111.0,302.6,90.0,PF-C,,,,,,,,,,,,,,,,,,,Heat,2012-12-10,2012-12-26,16.0,activated from IL,,2012.0
389.0,DOMINIQUE JONES,DAL,22.0,18.0,10.0,8.0,7.5,2.3,0.8,2.5,31.1,0.0,0.2,0.0,0.8,0.9,82.4,0.3,1.1,1.4,1.1,0.6,0.3,0.2,0.4,6.4,0.0,0.0,-1.2,2010-2011,,,,,,,,,,,,,,,,,,,,,,,,,,SG,0.059,9.0,10.25,75.25,77.0,101.0,216.0,81.25,SG,10.88,,3.31,26.0,32.5,19.0,,,,,,,,,,,,,Mavericks,2011-01-02,2011-02-16,45.0,activated from IL,,2011.0
389.0,DOMINIQUE JONES,DAL,22.0,18.0,10.0,8.0,7.5,2.3,0.8,2.5,31.1,0.0,0.2,0.0,0.8,0.9,82.4,0.3,1.1,1.4,1.1,0.6,0.3,0.2,0.4,6.4,0.0,0.0,-1.2,2010-2011,,,,,,,,,,,,,,,,,,,,,,,,,,SG,0.059,9.0,10.25,75.25,77.0,101.0,216.0,81.25,SG,10.88,,3.31,26.0,32.5,19.0,,,,,,,,,,,,,Mavericks,2012-01-23,2012-02-10,18.0,activated from IL,,2012.0
389.0,DOMINIQUE JONES,DAL,22.0,18.0,10.0,8.0,7.5,2.3,0.8,2.5,31.1,0.0,0.2,0.0,0.8,0.9,82.4,0.3,1.1,1.4,1.1,0.6,0.3,0.2,0.4,6.4,0.0,0.0,-1.2,2010-2011,,,,,,,,,,,,,,,,,,,,,,,,,,SG,0.059,9.0,10.25,75.25,77.0,101.0,216.0,81.25,SG,10.88,,3.31,26.0,32.5,19.0,,,,,,,,,,,,,Mavericks,2012-02-15,2012-03-29,43.0,activated from IL,,2012.0
389.0,DOMINIQUE JONES,DAL,22.0,18.0,10.0,8.0,7.5,2.3,0.8,2.5,31.1,0.0,0.2,0.0,0.8,0.9,82.4,0.3,1.1,1.4,1.1,0.6,0.3,0.2,0.4,6.4,0.0,0.0,-1.2,2010-2011,,,,,,,,,,,,,,,,,,,,,,,,,,SG,0.059,9.0,10.25,75.25,77.0,101.0,216.0,81.25,SG,10.88,,3.31,26.0,32.5,19.0,,,,,,,,,,,,,Mavericks,2012-04-02,2012-04-20,18.0,activated from IL,,2012.0
389.0,DOMINIQUE JONES,DAL,22.0,18.0,10.0,8.0,7.5,2.3,0.8,2.5,31.1,0.0,0.2,0.0,0.8,0.9,82.4,0.3,1.1,1.4,1.1,0.6,0.3,0.2,0.4,6.4,0.0,0.0,-1.2,2010-2011,,,,,,,,,,,,,,,,,,,,,,,,,,SG,0.059,9.0,10.25,75.25,77.0,101.0,216.0,81.25,SG,10.88,,3.31,26.0,32.5,19.0,,,,,,,,,,,,,Mavericks,2012-04-21,2012-04-28,7.0,activated from IL,,2012.0
389.0,DOMINIQUE JONES,DAL,22.0,18.0,10.0,8.0,7.5,2.3,0.8,2.5,31.1,0.0,0.2,0.0,0.8,0.9,82.4,0.3,1.1,1.4,1.1,0.6,0.3,0.2,0.4,6.4,0.0,0.0,-1.2,2010-2011,,,,,,,,,,,,,,,,,,,,,,,,,,SG,0.059,9.0,10.25,75.25,77.0,101.0,216.0,81.25,SG,10.88,,3.31,26.0,32.5,19.0,,,,,,,,,,,,,Mavericks,2013-01-20,2013-01-25,5.0,activated from IL,,2013.0
389.0,DOMINIQUE JONES,DAL,22.0,18.0,10.0,8.0,7.5,2.3,0.8,2.5,31.1,0.0,0.2,0.0,0.8,0.9,82.4,0.3,1.1,1.4,1.1,0.6,0.3,0.2,0.4,6.4,0.0,0.0,-1.2,2010-2011,,,,,,,,,,,,,,,,,,,,,,,,,,SG,0.059,9.0,10.25,75.25,77.0,101.0,216.0,81.25,SG,10.88,,3.31,26.0,32.5,19.0,,,,,,,,,,,,,Mavericks,2013-01-29,2013-02-24,26.0,activated from IL,,2013.0
205.0,ED DAVIS,TOR,22.0,65.0,16.0,49.0,24.6,7.7,3.3,5.7,57.6,0.0,0.0,0.0,1.1,2.0,55.5,2.6,4.5,7.1,0.6,0.7,0.6,1.0,2.8,21.3,13.0,0.0,-5.2,2010-2011,,,,,,,,,,,,,,,,,,,,,,,,,,PF,0.1,9.25,10.0,81.0,81.75,108.0,226.6,84.0,PF,11.7,,3.21,31.0,36.0,,,,,,,,,,,,,,,,,,,,
327.0,EKPE UDOH,GSW,24.0,58.0,28.0,30.0,17.8,4.1,1.7,3.8,43.7,0.0,0.0,0.0,0.7,1.1,65.6,1.4,1.7,3.1,0.7,0.8,0.4,1.5,2.5,13.6,0.0,0.0,1.8,2010-2011,,,,,,,,,,,,,,,,,,,,,,,,,,PF,0.08,9.5,8.75,80.75,81.75,106.5,237.4,88.5,PF,11.15,,3.29,31.0,33.5,10.0,,,,,,,,,,,,,Bucks,2012-12-03,2012-12-12,9.0,activated from IL,,2012.0
327.0,EKPE UDOH,GSW,24.0,58.0,28.0,30.0,17.8,4.1,1.7,3.8,43.7,0.0,0.0,0.0,0.7,1.1,65.6,1.4,1.7,3.1,0.7,0.8,0.4,1.5,2.5,13.6,0.0,0.0,1.8,2010-2011,,,,,,,,,,,,,,,,,,,,,,,,,,PF,0.08,9.5,8.75,80.75,81.75,106.5,237.4,88.5,PF,11.15,,3.29,31.0,33.5,10.0,,,,,,,,,,,,,Bucks,2012-12-14,2013-04-06,113.0,activated from IL,,2012.0
327.0,EKPE UDOH,GSW,24.0,58.0,28.0,30.0,17.8,4.1,1.7,3.8,43.7,0.0,0.0,0.0,0.7,1.1,65.6,1.4,1.7,3.1,0.7,0.8,0.4,1.5,2.5,13.6,0.0,0.0,1.8,2010-2011,,,,,,,,,,,,,,,,,,,,,,,,,,PF,0.08,9.5,8.75,80.75,81.75,106.5,237.4,88.5,PF,11.15,,3.29,31.0,33.5,10.0,,,,,,,,,,,,,Bucks,2013-04-12,2013-10-30,201.0,activated from IL,,2013.0
327.0,EKPE UDOH,GSW,24.0,58.0,28.0,30.0,17.8,4.1,1.7,3.8,43.7,0.0,0.0,0.0,0.7,1.1,65.6,1.4,1.7,3.1,0.7,0.8,0.4,1.5,2.5,13.6,0.0,0.0,1.8,2010-2011,,,,,,,,,,,,,,,,,,,,,,,,,,PF,0.08,9.5,8.75,80.75,81.75,106.5,237.4,88.5,PF,11.15,,3.29,31.0,33.5,10.0,,,,,,,,,,,,,Clippers,2014-11-10,2015-03-29,139.0,activated from IL,,2014.0
327.0,EKPE UDOH,GSW,24.0,58.0,28.0,30.0,17.8,4.1,1.7,3.8,43.7,0.0,0.0,0.0,0.7,1.1,65.6,1.4,1.7,3.1,0.7,0.8,0.4,1.5,2.5,13.6,0.0,0.0,1.8,2010-2011,,,,,,,,,,,,,,,,,,,,,,,,,,PF,0.08,9.5,8.75,80.75,81.75,106.5,237.4,88.5,PF,11.15,,3.29,31.0,33.5,10.0,,,,,,,,,,,,,Clippers,2015-03-31,2015-04-07,7.0,activated from IL,,2015.0
233.0,ERIC BLEDSOE,LAC,21.0,81.0,32.0,49.0,22.7,6.7,2.5,6.0,42.4,0.4,1.4,27.6,1.2,1.6,74.4,0.8,1.9,2.8,3.6,2.4,1.1,0.3,1.6,17.3,1.0,0.0,-2.7,2010-2011,,,,,,,,,,,,,,,,,,,,,,,,,,PG,0.056,8.5,9.75,72.25,73.5,98.0,191.6,79.5,PG,,,,,,9.0,,,,,,,,,,,,,Clippers,2012-01-26,2012-02-01,6.0,activated from IL,,2012.0
233.0,ERIC BLEDSOE,LAC,21.0,81.0,32.0,49.0,22.7,6.7,2.5,6.0,42.4,0.4,1.4,27.6,1.2,1.6,74.4,0.8,1.9,2.8,3.6,2.4,1.1,0.3,1.6,17.3,1.0,0.0,-2.7,2010-2011,,,,,,,,,,,,,,,,,,,,,,,,,,PG,0.056,8.5,9.75,72.25,73.5,98.0,191.6,79.5,PG,,,,,,9.0,,,,,,,,,,,,,Clippers,2012-01-29,2012-02-01,3.0,activated from IL,,2012.0
233.0,ERIC BLEDSOE,LAC,21.0,81.0,32.0,49.0,22.7,6.7,2.5,6.0,42.4,0.4,1.4,27.6,1.2,1.6,74.4,0.8,1.9,2.8,3.6,2.4,1.1,0.3,1.6,17.3,1.0,0.0,-2.7,2010-2011,,,,,,,,,,,,,,,,,,,,,,,,,,PG,0.056,8.5,9.75,72.25,73.5,98.0,191.6,79.5,PG,,,,,,9.0,,,,,,,,,,,,,Clippers,2012-02-11,2013-03-10,393.0,activated from IL,,2012.0
233.0,ERIC BLEDSOE,LAC,21.0,81.0,32.0,49.0,22.7,6.7,2.5,6.0,42.4,0.4,1.4,27.6,1.2,1.6,74.4,0.8,1.9,2.8,3.6,2.4,1.1,0.3,1.6,17.3,1.0,0.0,-2.7,2010-2011,,,,,,,,,,,,,,,,,,,,,,,,,,PG,0.056,8.5,9.75,72.25,73.5,98.0,191.6,79.5,PG,,,,,,9.0,,,,,,,,,,,,,Suns,2014-03-12,2015-11-23,621.0,activated from IL,,2014.0
233.0,ERIC BLEDSOE,LAC,21.0,81.0,32.0,49.0,22.7,6.7,2.5,6.0,42.4,0.4,1.4,27.6,1.2,1.6,74.4,0.8,1.9,2.8,3.6,2.4,1.1,0.3,1.6,17.3,1.0,0.0,-2.7,2010-2011,,,,,,,,,,,,,,,,,,,,,,,,,,PG,0.056,8.5,9.75,72.25,73.5,98.0,191.6,79.5,PG,,,,,,9.0,,,,,,,,,,,,,Suns,2015-11-25,2015-12-28,33.0,activated from IL,,2015.0
233.0,ERIC BLEDSOE,LAC,21.0,81.0,32.0,49.0,22.7,6.7,2.5,6.0,42.4,0.4,1.4,27.6,1.2,1.6,74.4,0.8,1.9,2.8,3.6,2.4,1.1,0.3,1.6,17.3,1.0,0.0,-2.7,2010-2011,,,,,,,,,,,,,,,,,,,,,,,,,,PG,0.056,8.5,9.75,72.25,73.5,98.0,191.6,79.5,PG,,,,,,9.0,,,,,,,,,,,,,Suns,2017-02-13,2017-10-23,252.0,activated from IL,,2017.0
233.0,ERIC BLEDSOE,LAC,21.0,81.0,32.0,49.0,22.7,6.7,2.5,6.0,42.4,0.4,1.4,27.6,1.2,1.6,74.4,0.8,1.9,2.8,3.6,2.4,1.1,0.3,1.6,17.3,1.0,0.0,-2.7,2010-2011,,,,,,,,,,,,,,,,,,,,,,,,,,PG,0.056,8.5,9.75,72.25,73.5,98.0,191.6,79.5,PG,,,,,,9.0,,,,,,,,,,,,,Bucks,2018-02-02,2019-12-14,680.0,activated from IL,,2018.0
233.0,ERIC BLEDSOE,LAC,21.0,81.0,32.0,49.0,22.7,6.7,2.5,6.0,42.4,0.4,1.4,27.6,1.2,1.6,74.4,0.8,1.9,2.8,3.6,2.4,1.1,0.3,1.6,17.3,1.0,0.0,-2.7,2010-2011,,,,,,,,,,,,,,,,,,,,,,,,,,PG,0.056,8.5,9.75,72.25,73.5,98.0,191.6,79.5,PG,,,,,,9.0,,,,,,,,,,,,,Bucks,2019-12-30,2020-03-09,70.0,activated from IL,,2019.0
233.0,ERIC BLEDSOE,LAC,21.0,81.0,32.0,49.0,22.7,6.7,2.5,6.0,42.4,0.4,1.4,27.6,1.2,1.6,74.4,0.8,1.9,2.8,3.6,2.4,1.1,0.3,1.6,17.3,1.0,0.0,-2.7,2010-2011,,,,,,,,,,,,,,,,,,,,,,,,,,PG,0.056,8.5,9.75,72.25,73.5,98.0,191.6,79.5,PG,,,,,,9.0,,,,,,,,,,,,,Bucks,2020-03-11,2020-07-30,141.0,activated from IL,,2020.0
233.0,ERIC BLEDSOE,LAC,21.0,81.0,32.0,49.0,22.7,6.7,2.5,6.0,42.4,0.4,1.4,27.6,1.2,1.6,74.4,0.8,1.9,2.8,3.6,2.4,1.1,0.3,1.6,17.3,1.0,0.0,-2.7,2010-2011,,,,,,,,,,,,,,,,,,,,,,,,,,PG,0.056,8.5,9.75,72.25,73.5,98.0,191.6,79.5,PG,,,,,,9.0,,,,,,,,,,,,,Bucks,2020-08-03,2020-08-11,8.0,activated from IL,,2020.0
233.0,ERIC BLEDSOE,LAC,21.0,81.0,32.0,49.0,22.7,6.7,2.5,6.0,42.4,0.4,1.4,27.6,1.2,1.6,74.4,0.8,1.9,2.8,3.6,2.4,1.1,0.3,1.6,17.3,1.0,0.0,-2.7,2010-2011,,,,,,,,,,,,,,,,,,,,,,,,,,PG,0.056,8.5,9.75,72.25,73.5,98.0,191.6,79.5,PG,,,,,,9.0,,,,,,,,,,,,,Bucks,2020-08-12,2020-08-30,18.0,activated from IL,,2020.0
216.0,EVAN TURNER,PHI,22.0,78.0,40.0,38.0,23.0,7.2,2.9,6.8,42.5,0.2,0.6,31.8,1.3,1.6,80.8,0.5,3.4,3.9,2.0,1.0,0.6,0.2,1.8,16.4,2.0,0.0,-0.6,2010-2011,,,,,,,,,,,,,,,,,,,,,,,,,,SG,0.086,8.75,9.5,77.75,79.0,103.5,213.8,80.0,SG,11.06,,3.27,27.5,34.5,9.0,,,,,,,,,,,,,Blazers,2016-12-26,2017-02-13,49.0,activated from IL,,2016.0
216.0,EVAN TURNER,PHI,22.0,78.0,40.0,38.0,23.0,7.2,2.9,6.8,42.5,0.2,0.6,31.8,1.3,1.6,80.8,0.5,3.4,3.9,2.0,1.0,0.6,0.2,1.8,16.4,2.0,0.0,-0.6,2010-2011,,,,,,,,,,,,,,,,,,,,,,,,,,SG,0.086,8.75,9.5,77.75,79.0,103.5,213.8,80.0,SG,11.06,,3.27,27.5,34.5,9.0,,,,,,,,,,,,,Blazers,2017-03-18,2018-02-05,324.0,activated from IL,,2017.0
216.0,EVAN TURNER,PHI,22.0,78.0,40.0,38.0,23.0,7.2,2.9,6.8,42.5,0.2,0.6,31.8,1.3,1.6,80.8,0.5,3.4,3.9,2.0,1.0,0.6,0.2,1.8,16.4,2.0,0.0,-0.6,2010-2011,,,,,,,,,,,,,,,,,,,,,,,,,,SG,0.086,8.75,9.5,77.75,79.0,103.5,213.8,80.0,SG,11.06,,3.27,27.5,34.5,9.0,,,,,,,,,,,,,Blazers,2018-02-08,2018-04-19,70.0,activated from IL,,2018.0
216.0,EVAN TURNER,PHI,22.0,78.0,40.0,38.0,23.0,7.2,2.9,6.8,42.5,0.2,0.6,31.8,1.3,1.6,80.8,0.5,3.4,3.9,2.0,1.0,0.6,0.2,1.8,16.4,2.0,0.0,-0.6,2010-2011,,,,,,,,,,,,,,,,,,,,,,,,,,SG,0.086,8.75,9.5,77.75,79.0,103.5,213.8,80.0,SG,11.06,,3.27,27.5,34.5,9.0,,,,,,,,,,,,,Blazers,2018-04-21,2019-02-23,308.0,activated from IL,,2018.0
216.0,EVAN TURNER,PHI,22.0,78.0,40.0,38.0,23.0,7.2,2.9,6.8,42.5,0.2,0.6,31.8,1.3,1.6,80.8,0.5,3.4,3.9,2.0,1.0,0.6,0.2,1.8,16.4,2.0,0.0,-0.6,2010-2011,,,,,,,,,,,,,,,,,,,,,,,,,,SG,0.086,8.75,9.5,77.75,79.0,103.5,213.8,80.0,SG,11.06,,3.27,27.5,34.5,9.0,,,,,,,,,,,,,Blazers,2019-03-05,2019-03-09,4.0,activated from IL,,2019.0
216.0,EVAN TURNER,PHI,22.0,78.0,40.0,38.0,23.0,7.2,2.9,6.8,42.5,0.2,0.6,31.8,1.3,1.6,80.8,0.5,3.4,3.9,2.0,1.0,0.6,0.2,1.8,16.4,2.0,0.0,-0.6,2010-2011,,,,,,,,,,,,,,,,,,,,,,,,,,SG,0.086,8.75,9.5,77.75,79.0,103.5,213.8,80.0,SG,11.06,,3.27,27.5,34.5,9.0,,,,,,,,,,,,,Hawks,2019-11-16,2019-12-21,35.0,activated from IL,,2019.0
216.0,EVAN TURNER,PHI,22.0,78.0,40.0,38.0,23.0,7.2,2.9,6.8,42.5,0.2,0.6,31.8,1.3,1.6,80.8,0.5,3.4,3.9,2.0,1.0,0.6,0.2,1.8,16.4,2.0,0.0,-0.6,2010-2011,,,,,,,,,,,,,,,,,,,,,,,,,,SG,0.086,8.75,9.5,77.75,79.0,103.5,213.8,80.0,SG,11.06,,3.27,27.5,34.5,9.0,,,,,,,,,,,,,Hawks,2019-12-27,2020-01-03,7.0,activated from IL,,2019.0
216.0,EVAN TURNER,PHI,22.0,78.0,40.0,38.0,23.0,7.2,2.9,6.8,42.5,0.2,0.6,31.8,1.3,1.6,80.8,0.5,3.4,3.9,2.0,1.0,0.6,0.2,1.8,16.4,2.0,0.0,-0.6,2010-2011,,,,,,,,,,,,,,,,,,,,,,,,,,SG,0.086,8.75,9.5,77.75,79.0,103.5,213.8,80.0,SG,11.06,,3.27,27.5,34.5,9.0,,,,,,,,,,,,,Hawks,2020-01-04,2020-01-06,2.0,activated from IL,,2020.0
216.0,EVAN TURNER,PHI,22.0,78.0,40.0,38.0,23.0,7.2,2.9,6.8,42.5,0.2,0.6,31.8,1.3,1.6,80.8,0.5,3.4,3.9,2.0,1.0,0.6,0.2,1.8,16.4,2.0,0.0,-0.6,2010-2011,,,,,,,,,,,,,,,,,,,,,,,,,,SG,0.086,8.75,9.5,77.75,79.0,103.5,213.8,80.0,SG,11.06,,3.27,27.5,34.5,9.0,,,,,,,,,,,,,Hawks,2020-02-03,2020-02-05,2.0,activated from IL,,2020.0
449.0,GANI LAWAL,PHX,22.0,1.0,1.0,0.0,1.9,0.0,0.0,0.0,0.0,0.0,0.0,0.0,0.0,0.0,0.0,0.0,0.0,0.0,0.0,0.0,0.0,0.0,1.0,0.0,0.0,0.0,-2.0,2010-2011,,,,,,,,,,,,,,,,,,,,,,,,,,PF,0.063,8.5,10.0,79.5,81.0,107.5,233.4,84.0,PF,11.61,,3.24,27.0,31.5,20.0,,,,,,,,,,,,,Suns,2010-11-15,2010-12-29,44.0,activated from IL,,2010.0
449.0,GANI LAWAL,PHX,22.0,1.0,1.0,0.0,1.9,0.0,0.0,0.0,0.0,0.0,0.0,0.0,0.0,0.0,0.0,0.0,0.0,0.0,0.0,0.0,0.0,0.0,1.0,0.0,0.0,0.0,-2.0,2010-2011,,,,,,,,,,,,,,,,,,,,,,,,,,PF,0.063,8.5,10.0,79.5,81.0,107.5,233.4,84.0,PF,11.61,,3.24,27.0,31.5,20.0,,,,,,,,,,,,,Suns,2010-12-23,2010-12-29,6.0,activated from IL,,2010.0
449.0,GANI LAWAL,PHX,22.0,1.0,1.0,0.0,1.9,0.0,0.0,0.0,0.0,0.0,0.0,0.0,0.0,0.0,0.0,0.0,0.0,0.0,0.0,0.0,0.0,0.0,1.0,0.0,0.0,0.0,-2.0,2010-2011,,,,,,,,,,,,,,,,,,,,,,,,,,PF,0.063,8.5,10.0,79.5,81.0,107.5,233.4,84.0,PF,11.61,,3.24,27.0,31.5,20.0,,,,,,,,,,,,,Suns,2010-12-31,2011-01-09,9.0,activated from IL,,2010.0
271.0,GORDON HAYWARD,UTA,21.0,72.0,33.0,39.0,16.9,5.4,2.0,4.1,48.5,0.5,1.0,47.3,1.0,1.3,71.1,0.6,1.4,1.9,1.1,1.0,0.4,0.3,1.5,10.5,0.0,0.0,-2.7,2010-2011,,,,,,,,,,,,,,,,,,,,,,,,,,SF,0.069,8.5,9.25,78.75,80.0,103.0,211.0,79.75,SF,11.73,,3.22,30.5,34.5,10.0,,,,,,,,,,,,,Jazz,2010-12-20,2011-01-17,28.0,activated from IL,,2010.0
271.0,GORDON HAYWARD,UTA,21.0,72.0,33.0,39.0,16.9,5.4,2.0,4.1,48.5,0.5,1.0,47.3,1.0,1.3,71.1,0.6,1.4,1.9,1.1,1.0,0.4,0.3,1.5,10.5,0.0,0.0,-2.7,2010-2011,,,,,,,,,,,,,,,,,,,,,,,,,,SF,0.069,8.5,9.25,78.75,80.0,103.0,211.0,79.75,SF,11.73,,3.22,30.5,34.5,10.0,,,,,,,,,,,,,Jazz,2011-01-19,2014-01-13,1090.0,activated from IL,,2011.0
271.0,GORDON HAYWARD,UTA,21.0,72.0,33.0,39.0,16.9,5.4,2.0,4.1,48.5,0.5,1.0,47.3,1.0,1.3,71.1,0.6,1.4,1.9,1.1,1.0,0.4,0.3,1.5,10.5,0.0,0.0,-2.7,2010-2011,,,,,,,,,,,,,,,,,,,,,,,,,,SF,0.069,8.5,9.25,78.75,80.0,103.0,211.0,79.75,SF,11.73,,3.22,30.5,34.5,10.0,,,,,,,,,,,,,Jazz,2014-01-21,2015-03-23,426.0,activated from IL,,2014.0
271.0,GORDON HAYWARD,UTA,21.0,72.0,33.0,39.0,16.9,5.4,2.0,4.1,48.5,0.5,1.0,47.3,1.0,1.3,71.1,0.6,1.4,1.9,1.1,1.0,0.4,0.3,1.5,10.5,0.0,0.0,-2.7,2010-2011,,,,,,,,,,,,,,,,,,,,,,,,,,SF,0.069,8.5,9.25,78.75,80.0,103.0,211.0,79.75,SF,11.73,,3.22,30.5,34.5,10.0,,,,,,,,,,,,,Jazz,2015-03-27,2015-04-15,19.0,activated from IL,,2015.0
271.0,GORDON HAYWARD,UTA,21.0,72.0,33.0,39.0,16.9,5.4,2.0,4.1,48.5,0.5,1.0,47.3,1.0,1.3,71.1,0.6,1.4,1.9,1.1,1.0,0.4,0.3,1.5,10.5,0.0,0.0,-2.7,2010-2011,,,,,,,,,,,,,,,,,,,,,,,,,,SF,0.069,8.5,9.25,78.75,80.0,103.0,211.0,79.75,SF,11.73,,3.22,30.5,34.5,10.0,,,,,,,,,,,,,Celtics,2018-10-22,2018-11-24,33.0,activated from IL,,2018.0
271.0,GORDON HAYWARD,UTA,21.0,72.0,33.0,39.0,16.9,5.4,2.0,4.1,48.5,0.5,1.0,47.3,1.0,1.3,71.1,0.6,1.4,1.9,1.1,1.0,0.4,0.3,1.5,10.5,0.0,0.0,-2.7,2010-2011,,,,,,,,,,,,,,,,,,,,,,,,,,SF,0.069,8.5,9.25,78.75,80.0,103.0,211.0,79.75,SF,11.73,,3.22,30.5,34.5,10.0,,,,,,,,,,,,,Celtics,2018-11-26,2018-12-10,14.0,activated from IL,,2018.0
271.0,GORDON HAYWARD,UTA,21.0,72.0,33.0,39.0,16.9,5.4,2.0,4.1,48.5,0.5,1.0,47.3,1.0,1.3,71.1,0.6,1.4,1.9,1.1,1.0,0.4,0.3,1.5,10.5,0.0,0.0,-2.7,2010-2011,,,,,,,,,,,,,,,,,,,,,,,,,,SF,0.069,8.5,9.25,78.75,80.0,103.0,211.0,79.75,SF,11.73,,3.22,30.5,34.5,10.0,,,,,,,,,,,,,Celtics,2018-12-14,2019-02-21,69.0,activated from IL,,2018.0
271.0,GORDON HAYWARD,UTA,21.0,72.0,33.0,39.0,16.9,5.4,2.0,4.1,48.5,0.5,1.0,47.3,1.0,1.3,71.1,0.6,1.4,1.9,1.1,1.0,0.4,0.3,1.5,10.5,0.0,0.0,-2.7,2010-2011,,,,,,,,,,,,,,,,,,,,,,,,,,SF,0.069,8.5,9.25,78.75,80.0,103.0,211.0,79.75,SF,11.73,,3.22,30.5,34.5,10.0,,,,,,,,,,,,,Celtics,2019-02-23,2019-03-18,23.0,activated from IL,,2019.0
271.0,GORDON HAYWARD,UTA,21.0,72.0,33.0,39.0,16.9,5.4,2.0,4.1,48.5,0.5,1.0,47.3,1.0,1.3,71.1,0.6,1.4,1.9,1.1,1.0,0.4,0.3,1.5,10.5,0.0,0.0,-2.7,2010-2011,,,,,,,,,,,,,,,,,,,,,,,,,,SF,0.069,8.5,9.25,78.75,80.0,103.0,211.0,79.75,SF,11.73,,3.22,30.5,34.5,10.0,,,,,,,,,,,,,Celtics,2019-03-24,2019-04-09,16.0,activated from IL,,2019.0
271.0,GORDON HAYWARD,UTA,21.0,72.0,33.0,39.0,16.9,5.4,2.0,4.1,48.5,0.5,1.0,47.3,1.0,1.3,71.1,0.6,1.4,1.9,1.1,1.0,0.4,0.3,1.5,10.5,0.0,0.0,-2.7,2010-2011,,,,,,,,,,,,,,,,,,,,,,,,,,SF,0.069,8.5,9.25,78.75,80.0,103.0,211.0,79.75,SF,11.73,,3.22,30.5,34.5,10.0,,,,,,,,,,,,,Celtics,2019-04-13,2019-11-11,212.0,activated from IL,,2019.0
271.0,GORDON HAYWARD,UTA,21.0,72.0,33.0,39.0,16.9,5.4,2.0,4.1,48.5,0.5,1.0,47.3,1.0,1.3,71.1,0.6,1.4,1.9,1.1,1.0,0.4,0.3,1.5,10.5,0.0,0.0,-2.7,2010-2011,,,,,,,,,,,,,,,,,,,,,,,,,,SF,0.069,8.5,9.25,78.75,80.0,103.0,211.0,79.75,SF,11.73,,3.22,30.5,34.5,10.0,,,,,,,,,,,,,Celtics,2019-12-09,2019-12-18,9.0,activated from IL,,2019.0
271.0,GORDON HAYWARD,UTA,21.0,72.0,33.0,39.0,16.9,5.4,2.0,4.1,48.5,0.5,1.0,47.3,1.0,1.3,71.1,0.6,1.4,1.9,1.1,1.0,0.4,0.3,1.5,10.5,0.0,0.0,-2.7,2010-2011,,,,,,,,,,,,,,,,,,,,,,,,,,SF,0.069,8.5,9.25,78.75,80.0,103.0,211.0,79.75,SF,11.73,,3.22,30.5,34.5,10.0,,,,,,,,,,,,,Celtics,2019-12-25,2020-02-07,44.0,activated from IL,,2019.0
271.0,GORDON HAYWARD,UTA,21.0,72.0,33.0,39.0,16.9,5.4,2.0,4.1,48.5,0.5,1.0,47.3,1.0,1.3,71.1,0.6,1.4,1.9,1.1,1.0,0.4,0.3,1.5,10.5,0.0,0.0,-2.7,2010-2011,,,,,,,,,,,,,,,,,,,,,,,,,,SF,0.069,8.5,9.25,78.75,80.0,103.0,211.0,79.75,SF,11.73,,3.22,30.5,34.5,10.0,,,,,,,,,,,,,Celtics,2020-02-09,2020-03-04,24.0,activated from IL,,2020.0
271.0,GORDON HAYWARD,UTA,21.0,72.0,33.0,39.0,16.9,5.4,2.0,4.1,48.5,0.5,1.0,47.3,1.0,1.3,71.1,0.6,1.4,1.9,1.1,1.0,0.4,0.3,1.5,10.5,0.0,0.0,-2.7,2010-2011,,,,,,,,,,,,,,,,,,,,,,,,,,SF,0.069,8.5,9.25,78.75,80.0,103.0,211.0,79.75,SF,11.73,,3.22,30.5,34.5,10.0,,,,,,,,,,,,,Hornets,2021-05-18,2022-01-26,253.0,activated from IL,,2021.0
271.0,GORDON HAYWARD,UTA,21.0,72.0,33.0,39.0,16.9,5.4,2.0,4.1,48.5,0.5,1.0,47.3,1.0,1.3,71.1,0.6,1.4,1.9,1.1,1.0,0.4,0.3,1.5,10.5,0.0,0.0,-2.7,2010-2011,,,,,,,,,,,,,,,,,,,,,,,,,,SF,0.069,8.5,9.25,78.75,80.0,103.0,211.0,79.75,SF,11.73,,3.22,30.5,34.5,10.0,,,,,,,,,,,,,Hornets,2022-02-04,2022-02-08,4.0,activated from IL,,2022.0
271.0,GORDON HAYWARD,UTA,21.0,72.0,33.0,39.0,16.9,5.4,2.0,4.1,48.5,0.5,1.0,47.3,1.0,1.3,71.1,0.6,1.4,1.9,1.1,1.0,0.4,0.3,1.5,10.5,0.0,0.0,-2.7,2010-2011,,,,,,,,,,,,,,,,,,,,,,,,,,SF,0.069,8.5,9.25,78.75,80.0,103.0,211.0,79.75,SF,11.73,,3.22,30.5,34.5,10.0,,,,,,,,,,,,,Hornets,2022-04-01,2022-04-04,3.0,activated from IL,,2022.0
271.0,GORDON HAYWARD,UTA,21.0,72.0,33.0,39.0,16.9,5.4,2.0,4.1,48.5,0.5,1.0,47.3,1.0,1.3,71.1,0.6,1.4,1.9,1.1,1.0,0.4,0.3,1.5,10.5,0.0,0.0,-2.7,2010-2011,,,,,,,,,,,,,,,,,,,,,,,,,,SF,0.069,8.5,9.25,78.75,80.0,103.0,211.0,79.75,SF,11.73,,3.22,30.5,34.5,10.0,,,,,,,,,,,,,Hornets,2022-11-18,2022-11-28,10.0,activated from IL,,2022.0
271.0,GORDON HAYWARD,UTA,21.0,72.0,33.0,39.0,16.9,5.4,2.0,4.1,48.5,0.5,1.0,47.3,1.0,1.3,71.1,0.6,1.4,1.9,1.1,1.0,0.4,0.3,1.5,10.5,0.0,0.0,-2.7,2010-2011,,,,,,,,,,,,,,,,,,,,,,,,,,SF,0.069,8.5,9.25,78.75,80.0,103.0,211.0,79.75,SF,11.73,,3.22,30.5,34.5,10.0,,,,,,,,,,,,,Hornets,2022-12-16,2023-01-04,19.0,activated from IL,,2022.0
271.0,GORDON HAYWARD,UTA,21.0,72.0,33.0,39.0,16.9,5.4,2.0,4.1,48.5,0.5,1.0,47.3,1.0,1.3,71.1,0.6,1.4,1.9,1.1,1.0,0.4,0.3,1.5,10.5,0.0,0.0,-2.7,2010-2011,,,,,,,,,,,,,,,,,,,,,,,,,,SF,0.069,8.5,9.25,78.75,80.0,103.0,211.0,79.75,SF,11.73,,3.22,30.5,34.5,10.0,,,,,,,,,,,,,Hornets,2023-01-21,2023-01-24,3.0,activated from IL,,2023.0
271.0,GORDON HAYWARD,UTA,21.0,72.0,33.0,39.0,16.9,5.4,2.0,4.1,48.5,0.5,1.0,47.3,1.0,1.3,71.1,0.6,1.4,1.9,1.1,1.0,0.4,0.3,1.5,10.5,0.0,0.0,-2.7,2010-2011,,,,,,,,,,,,,,,,,,,,,,,,,,SF,0.069,8.5,9.25,78.75,80.0,103.0,211.0,79.75,SF,11.73,,3.22,30.5,34.5,10.0,,,,,,,,,,,,,Hornets,2023-01-26,2023-03-27,60.0,activated from IL,,2023.0
164.0,GREG MONROE,DET,21.0,80.0,30.0,50.0,27.8,9.4,3.8,6.9,55.1,0.0,0.0,0.0,1.8,2.9,62.2,3.1,4.4,7.5,1.3,1.0,1.2,0.6,2.5,24.5,21.0,0.0,-1.7,2010-2011,,,,,,,,,,,,,,,,,,,,,,,,,,PF-C,0.112,8.75,9.5,81.75,83.0,108.5,246.6,86.25,PF-C,12.1,,3.35,25.0,29.0,15.0,,,,,,,,,,,,,Suns,2017-11-16,2018-01-31,76.0,activated from IL,,2017.0
347.0,GREIVIS VASQUEZ,MEM,24.0,70.0,41.0,29.0,12.3,3.6,1.4,3.3,40.8,0.4,1.2,29.1,0.5,0.6,77.3,0.2,0.9,1.0,2.2,1.0,0.3,0.1,1.2,8.2,0.0,0.0,-0.9,2010-2011,,,,,,,,,,,,,,,,,,,,,,,,,,PG-SG,0.086,7.75,9.25,77.0,78.5,101.0,210.8,79.0,PG-SG,,,,,,,,,,,,,,,,,,,Grizzlies,2010-10-30,2010-11-02,3.0,activated from IL,,2010.0
347.0,GREIVIS VASQUEZ,MEM,24.0,70.0,41.0,29.0,12.3,3.6,1.4,3.3,40.8,0.4,1.2,29.1,0.5,0.6,77.3,0.2,0.9,1.0,2.2,1.0,0.3,0.1,1.2,8.2,0.0,0.0,-0.9,2010-2011,,,,,,,,,,,,,,,,,,,,,,,,,,PG-SG,0.086,7.75,9.25,77.0,78.5,101.0,210.8,79.0,PG-SG,,,,,,,,,,,,,,,,,,,Grizzlies,2010-11-03,2011-03-06,123.0,activated from IL,,2010.0
449.0,HASSAN WHITESIDE,SAC,22.0,1.0,1.0,0.0,1.7,0.0,0.0,0.0,0.0,0.0,0.0,0.0,0.0,0.0,0.0,0.0,0.0,0.0,0.0,0.0,0.0,0.0,2.0,0.0,0.0,0.0,-4.0,2010-2011,,,,,,,,,,,,,,,,,,,,,,,,,,C-PF,0.055,8.25,10.25,82.5,83.5,113.0,226.6,91.0,C-PF,11.83,,3.54,27.0,31.5,12.0,,,,,,,,,,,,,Kings,2010-11-06,2010-11-10,4.0,activated from IL,,2010.0
449.0,HASSAN WHITESIDE,SAC,22.0,1.0,1.0,0.0,1.7,0.0,0.0,0.0,0.0,0.0,0.0,0.0,0.0,0.0,0.0,0.0,0.0,0.0,0.0,0.0,0.0,0.0,2.0,0.0,0.0,0.0,-4.0,2010-2011,,,,,,,,,,,,,,,,,,,,,,,,,,C-PF,0.055,8.25,10.25,82.5,83.5,113.0,226.6,91.0,C-PF,11.83,,3.54,27.0,31.5,12.0,,,,,,,,,,,,,Kings,2012-01-01,2012-01-03,2.0,activated from IL,,2012.0
449.0,HASSAN WHITESIDE,SAC,22.0,1.0,1.0,0.0,1.7,0.0,0.0,0.0,0.0,0.0,0.0,0.0,0.0,0.0,0.0,0.0,0.0,0.0,0.0,0.0,0.0,0.0,2.0,0.0,0.0,0.0,-4.0,2010-2011,,,,,,,,,,,,,,,,,,,,,,,,,,C-PF,0.055,8.25,10.25,82.5,83.5,113.0,226.6,91.0,C-PF,11.83,,3.54,27.0,31.5,12.0,,,,,,,,,,,,,Kings,2012-01-25,2012-01-28,3.0,activated from IL,,2012.0
449.0,HASSAN WHITESIDE,SAC,22.0,1.0,1.0,0.0,1.7,0.0,0.0,0.0,0.0,0.0,0.0,0.0,0.0,0.0,0.0,0.0,0.0,0.0,0.0,0.0,0.0,0.0,2.0,0.0,0.0,0.0,-4.0,2010-2011,,,,,,,,,,,,,,,,,,,,,,,,,,C-PF,0.055,8.25,10.25,82.5,83.5,113.0,226.6,91.0,C-PF,11.83,,3.54,27.0,31.5,12.0,,,,,,,,,,,,,Kings,2012-02-15,2021-01-15,3257.0,activated from IL,,2012.0
449.0,HASSAN WHITESIDE,SAC,22.0,1.0,1.0,0.0,1.7,0.0,0.0,0.0,0.0,0.0,0.0,0.0,0.0,0.0,0.0,0.0,0.0,0.0,0.0,0.0,0.0,0.0,2.0,0.0,0.0,0.0,-4.0,2010-2011,,,,,,,,,,,,,,,,,,,,,,,,,,C-PF,0.055,8.25,10.25,82.5,83.5,113.0,226.6,91.0,C-PF,11.83,,3.54,27.0,31.5,12.0,,,,,,,,,,,,,Heat,2014-12-16,2015-03-27,101.0,activated from IL,,2014.0
449.0,HASSAN WHITESIDE,SAC,22.0,1.0,1.0,0.0,1.7,0.0,0.0,0.0,0.0,0.0,0.0,0.0,0.0,0.0,0.0,0.0,0.0,0.0,0.0,0.0,0.0,0.0,2.0,0.0,0.0,0.0,-4.0,2010-2011,,,,,,,,,,,,,,,,,,,,,,,,,,C-PF,0.055,8.25,10.25,82.5,83.5,113.0,226.6,91.0,C-PF,11.83,,3.54,27.0,31.5,12.0,,,,,,,,,,,,,Heat,2015-03-31,2016-01-04,279.0,activated from IL,,2015.0
449.0,HASSAN WHITESIDE,SAC,22.0,1.0,1.0,0.0,1.7,0.0,0.0,0.0,0.0,0.0,0.0,0.0,0.0,0.0,0.0,0.0,0.0,0.0,0.0,0.0,0.0,0.0,2.0,0.0,0.0,0.0,-4.0,2010-2011,,,,,,,,,,,,,,,,,,,,,,,,,,C-PF,0.055,8.25,10.25,82.5,83.5,113.0,226.6,91.0,C-PF,11.83,,3.54,27.0,31.5,12.0,,,,,,,,,,,,,Heat,2016-01-06,2016-01-29,23.0,activated from IL,,2016.0
449.0,HASSAN WHITESIDE,SAC,22.0,1.0,1.0,0.0,1.7,0.0,0.0,0.0,0.0,0.0,0.0,0.0,0.0,0.0,0.0,0.0,0.0,0.0,0.0,0.0,0.0,0.0,2.0,0.0,0.0,0.0,-4.0,2010-2011,,,,,,,,,,,,,,,,,,,,,,,,,,C-PF,0.055,8.25,10.25,82.5,83.5,113.0,226.6,91.0,C-PF,11.83,,3.54,27.0,31.5,12.0,,,,,,,,,,,,,Heat,2016-02-03,2016-05-09,96.0,activated from IL,,2016.0
449.0,HASSAN WHITESIDE,SAC,22.0,1.0,1.0,0.0,1.7,0.0,0.0,0.0,0.0,0.0,0.0,0.0,0.0,0.0,0.0,0.0,0.0,0.0,0.0,0.0,0.0,0.0,2.0,0.0,0.0,0.0,-4.0,2010-2011,,,,,,,,,,,,,,,,,,,,,,,,,,C-PF,0.055,8.25,10.25,82.5,83.5,113.0,226.6,91.0,C-PF,11.83,,3.54,27.0,31.5,12.0,,,,,,,,,,,,,Heat,2017-11-01,2017-12-20,49.0,activated from IL,,2017.0
449.0,HASSAN WHITESIDE,SAC,22.0,1.0,1.0,0.0,1.7,0.0,0.0,0.0,0.0,0.0,0.0,0.0,0.0,0.0,0.0,0.0,0.0,0.0,0.0,0.0,0.0,0.0,2.0,0.0,0.0,0.0,-4.0,2010-2011,,,,,,,,,,,,,,,,,,,,,,,,,,C-PF,0.055,8.25,10.25,82.5,83.5,113.0,226.6,91.0,C-PF,11.83,,3.54,27.0,31.5,12.0,,,,,,,,,,,,,Heat,2017-12-26,2018-03-10,74.0,activated from IL,,2017.0
449.0,HASSAN WHITESIDE,SAC,22.0,1.0,1.0,0.0,1.7,0.0,0.0,0.0,0.0,0.0,0.0,0.0,0.0,0.0,0.0,0.0,0.0,0.0,0.0,0.0,0.0,0.0,2.0,0.0,0.0,0.0,-4.0,2010-2011,,,,,,,,,,,,,,,,,,,,,,,,,,C-PF,0.055,8.25,10.25,82.5,83.5,113.0,226.6,91.0,C-PF,11.83,,3.54,27.0,31.5,12.0,,,,,,,,,,,,,Heat,2018-03-29,2019-03-02,338.0,activated from IL,,2018.0
449.0,HASSAN WHITESIDE,SAC,22.0,1.0,1.0,0.0,1.7,0.0,0.0,0.0,0.0,0.0,0.0,0.0,0.0,0.0,0.0,0.0,0.0,0.0,0.0,0.0,0.0,0.0,2.0,0.0,0.0,0.0,-4.0,2010-2011,,,,,,,,,,,,,,,,,,,,,,,,,,C-PF,0.055,8.25,10.25,82.5,83.5,113.0,226.6,91.0,C-PF,11.83,,3.54,27.0,31.5,12.0,,,,,,,,,,,,,Blazers,2019-11-25,2020-08-08,257.0,activated from IL,,2019.0
449.0,HASSAN WHITESIDE,SAC,22.0,1.0,1.0,0.0,1.7,0.0,0.0,0.0,0.0,0.0,0.0,0.0,0.0,0.0,0.0,0.0,0.0,0.0,0.0,0.0,0.0,0.0,2.0,0.0,0.0,0.0,-4.0,2010-2011,,,,,,,,,,,,,,,,,,,,,,,,,,C-PF,0.055,8.25,10.25,82.5,83.5,113.0,226.6,91.0,C-PF,11.83,,3.54,27.0,31.5,12.0,,,,,,,,,,,,,Kings,2021-01-27,2021-02-24,28.0,activated from IL,,2021.0
449.0,HASSAN WHITESIDE,SAC,22.0,1.0,1.0,0.0,1.7,0.0,0.0,0.0,0.0,0.0,0.0,0.0,0.0,0.0,0.0,0.0,0.0,0.0,0.0,0.0,0.0,0.0,2.0,0.0,0.0,0.0,-4.0,2010-2011,,,,,,,,,,,,,,,,,,,,,,,,,,C-PF,0.055,8.25,10.25,82.5,83.5,113.0,226.6,91.0,C-PF,11.83,,3.54,27.0,31.5,12.0,,,,,,,,,,,,,Kings,2021-03-17,2021-03-28,11.0,activated from IL,,2021.0
449.0,HASSAN WHITESIDE,SAC,22.0,1.0,1.0,0.0,1.7,0.0,0.0,0.0,0.0,0.0,0.0,0.0,0.0,0.0,0.0,0.0,0.0,0.0,0.0,0.0,0.0,0.0,2.0,0.0,0.0,0.0,-4.0,2010-2011,,,,,,,,,,,,,,,,,,,,,,,,,,C-PF,0.055,8.25,10.25,82.5,83.5,113.0,226.6,91.0,C-PF,11.83,,3.54,27.0,31.5,12.0,,,,,,,,,,,,,Kings,2021-04-05,2021-05-09,34.0,activated from IL,,2021.0
449.0,HASSAN WHITESIDE,SAC,22.0,1.0,1.0,0.0,1.7,0.0,0.0,0.0,0.0,0.0,0.0,0.0,0.0,0.0,0.0,0.0,0.0,0.0,0.0,0.0,0.0,0.0,2.0,0.0,0.0,0.0,-4.0,2010-2011,,,,,,,,,,,,,,,,,,,,,,,,,,C-PF,0.055,8.25,10.25,82.5,83.5,113.0,226.6,91.0,C-PF,11.83,,3.54,27.0,31.5,12.0,,,,,,,,,,,,,Jazz,2021-12-09,2022-01-01,23.0,activated from IL,,2021.0
449.0,HASSAN WHITESIDE,SAC,22.0,1.0,1.0,0.0,1.7,0.0,0.0,0.0,0.0,0.0,0.0,0.0,0.0,0.0,0.0,0.0,0.0,0.0,0.0,0.0,0.0,0.0,2.0,0.0,0.0,0.0,-4.0,2010-2011,,,,,,,,,,,,,,,,,,,,,,,,,,C-PF,0.055,8.25,10.25,82.5,83.5,113.0,226.6,91.0,C-PF,11.83,,3.54,27.0,31.5,12.0,,,,,,,,,,,,,Jazz,2022-01-07,2022-01-12,5.0,activated from IL,,2022.0
449.0,HASSAN WHITESIDE,SAC,22.0,1.0,1.0,0.0,1.7,0.0,0.0,0.0,0.0,0.0,0.0,0.0,0.0,0.0,0.0,0.0,0.0,0.0,0.0,0.0,0.0,0.0,2.0,0.0,0.0,0.0,-4.0,2010-2011,,,,,,,,,,,,,,,,,,,,,,,,,,C-PF,0.055,8.25,10.25,82.5,83.5,113.0,226.6,91.0,C-PF,11.83,,3.54,27.0,31.5,12.0,,,,,,,,,,,,,Jazz,2022-01-24,2022-03-25,60.0,activated from IL,,2022.0
344.0,JAMES ANDERSON,SAS,22.0,26.0,17.0,9.0,11.0,3.6,1.2,3.1,38.3,0.7,1.8,39.1,0.5,0.7,77.8,0.1,0.8,0.9,0.7,0.5,0.1,0.2,0.9,6.3,0.0,0.0,-1.9,2010-2011,,,,,,,,,,,,,,,,,,,,,,,,,,SF,0.079,8.5,7.25,76.75,77.75,104.0,207.6,80.5,SF,11.86,,3.19,30.0,35.5,14.0,,,,,,,,,,,,,Spurs,2011-01-19,2011-02-08,20.0,activated from IL,,2011.0
344.0,JAMES ANDERSON,SAS,22.0,26.0,17.0,9.0,11.0,3.6,1.2,3.1,38.3,0.7,1.8,39.1,0.5,0.7,77.8,0.1,0.8,0.9,0.7,0.5,0.1,0.2,0.9,6.3,0.0,0.0,-1.9,2010-2011,,,,,,,,,,,,,,,,,,,,,,,,,,SF,0.079,8.5,7.25,76.75,77.75,104.0,207.6,80.5,SF,11.86,,3.19,30.0,35.5,14.0,,,,,,,,,,,,,Spurs,2011-02-23,2011-03-04,9.0,activated from IL,,2011.0
344.0,JAMES ANDERSON,SAS,22.0,26.0,17.0,9.0,11.0,3.6,1.2,3.1,38.3,0.7,1.8,39.1,0.5,0.7,77.8,0.1,0.8,0.9,0.7,0.5,0.1,0.2,0.9,6.3,0.0,0.0,-1.9,2010-2011,,,,,,,,,,,,,,,,,,,,,,,,,,SF,0.079,8.5,7.25,76.75,77.75,104.0,207.6,80.5,SF,11.86,,3.19,30.0,35.5,14.0,,,,,,,,,,,,,Spurs,2011-03-06,2011-04-05,30.0,activated from IL,,2011.0
344.0,JAMES ANDERSON,SAS,22.0,26.0,17.0,9.0,11.0,3.6,1.2,3.1,38.3,0.7,1.8,39.1,0.5,0.7,77.8,0.1,0.8,0.9,0.7,0.5,0.1,0.2,0.9,6.3,0.0,0.0,-1.9,2010-2011,,,,,,,,,,,,,,,,,,,,,,,,,,SF,0.079,8.5,7.25,76.75,77.75,104.0,207.6,80.5,SF,11.86,,3.19,30.0,35.5,14.0,,,,,,,,,,,,,Spurs,2011-04-09,2011-04-13,4.0,activated from IL,,2011.0
47.0,JOHN WALL,WAS,20.0,69.0,19.0,50.0,37.8,16.4,5.8,14.1,40.9,0.5,1.7,29.6,4.4,5.7,76.6,0.5,4.1,4.6,8.3,3.8,1.8,0.5,2.5,37.4,26.0,1.0,-6.4,2010-2011,,,,,,,,,,,,,,,,,,,,,,,,,,PG,0.056,8.25,9.5,74.75,76.0,101.5,195.6,81.25,PG,10.84,,3.14,30.0,39.0,,,,,,,,,,,,,,,,,,,,
113.0,JORDAN CRAWFORD,WAS,22.0,42.0,17.0,25.0,24.4,11.7,4.6,11.9,38.4,0.8,3.0,25.8,1.7,2.0,86.9,0.7,1.8,2.5,2.8,2.0,0.9,0.1,1.5,19.9,2.0,1.0,-5.4,2010-2011,,,,,,,,,,,,,,,,,,,,,,,,,,SG,0.049,8.0,9.0,75.0,76.5,101.0,198.4,79.0,SG,11.03,,3.37,31.5,34.5,7.0,,,,,,,,,,,,,Hawks,2010-12-11,2010-12-17,6.0,activated from IL,,2010.0
113.0,JORDAN CRAWFORD,WAS,22.0,42.0,17.0,25.0,24.4,11.7,4.6,11.9,38.4,0.8,3.0,25.8,1.7,2.0,86.9,0.7,1.8,2.5,2.8,2.0,0.9,0.1,1.5,19.9,2.0,1.0,-5.4,2010-2011,,,,,,,,,,,,,,,,,,,,,,,,,,SG,0.049,8.0,9.0,75.0,76.5,101.0,198.4,79.0,SG,11.03,,3.37,31.5,34.5,7.0,,,,,,,,,,,,,Hawks,2010-12-16,2010-12-17,1.0,activated from IL (P),,2010.0
113.0,JORDAN CRAWFORD,WAS,22.0,42.0,17.0,25.0,24.4,11.7,4.6,11.9,38.4,0.8,3.0,25.8,1.7,2.0,86.9,0.7,1.8,2.5,2.8,2.0,0.9,0.1,1.5,19.9,2.0,1.0,-5.4,2010-2011,,,,,,,,,,,,,,,,,,,,,,,,,,SG,0.049,8.0,9.0,75.0,76.5,101.0,198.4,79.0,SG,11.03,,3.37,31.5,34.5,7.0,,,,,,,,,,,,,Hawks,2010-12-22,2010-12-26,4.0,activated from IL,,2010.0
113.0,JORDAN CRAWFORD,WAS,22.0,42.0,17.0,25.0,24.4,11.7,4.6,11.9,38.4,0.8,3.0,25.8,1.7,2.0,86.9,0.7,1.8,2.5,2.8,2.0,0.9,0.1,1.5,19.9,2.0,1.0,-5.4,2010-2011,,,,,,,,,,,,,,,,,,,,,,,,,,SG,0.049,8.0,9.0,75.0,76.5,101.0,198.4,79.0,SG,11.03,,3.37,31.5,34.5,7.0,,,,,,,,,,,,,Hawks,2011-01-05,2011-01-17,12.0,activated from IL,,2011.0
113.0,JORDAN CRAWFORD,WAS,22.0,42.0,17.0,25.0,24.4,11.7,4.6,11.9,38.4,0.8,3.0,25.8,1.7,2.0,86.9,0.7,1.8,2.5,2.8,2.0,0.9,0.1,1.5,19.9,2.0,1.0,-5.4,2010-2011,,,,,,,,,,,,,,,,,,,,,,,,,,SG,0.049,8.0,9.0,75.0,76.5,101.0,198.4,79.0,SG,11.03,,3.37,31.5,34.5,7.0,,,,,,,,,,,,,Hawks,2011-01-18,2011-01-26,8.0,activated from IL,,2011.0
113.0,JORDAN CRAWFORD,WAS,22.0,42.0,17.0,25.0,24.4,11.7,4.6,11.9,38.4,0.8,3.0,25.8,1.7,2.0,86.9,0.7,1.8,2.5,2.8,2.0,0.9,0.1,1.5,19.9,2.0,1.0,-5.4,2010-2011,,,,,,,,,,,,,,,,,,,,,,,,,,SG,0.049,8.0,9.0,75.0,76.5,101.0,198.4,79.0,SG,11.03,,3.37,31.5,34.5,7.0,,,,,,,,,,,,,Hawks,2011-02-05,2011-02-12,7.0,activated from IL,,2011.0
367.0,LANCE STEPHENSON,IND,20.0,12.0,3.0,9.0,9.6,3.1,1.1,3.3,33.3,0.0,0.4,0.0,0.9,1.2,78.6,0.1,1.4,1.5,1.8,1.3,0.3,0.0,1.2,7.2,0.0,0.0,-0.1,2010-2011,,,,,,,,,,,,,,,,,,,,,,,,,,SG,0.093,9.0,10.25,76.5,77.75,103.0,227.0,82.5,SG,11.39,,3.38,27.0,33.0,10.0,,,,,,,,,,,,,Pacers,2011-01-07,2011-01-08,1.0,activated from IL,,2011.0
367.0,LANCE STEPHENSON,IND,20.0,12.0,3.0,9.0,9.6,3.1,1.1,3.3,33.3,0.0,0.4,0.0,0.9,1.2,78.6,0.1,1.4,1.5,1.8,1.3,0.3,0.0,1.2,7.2,0.0,0.0,-0.1,2010-2011,,,,,,,,,,,,,,,,,,,,,,,,,,SG,0.093,9.0,10.25,76.5,77.75,103.0,227.0,82.5,SG,11.39,,3.38,27.0,33.0,10.0,,,,,,,,,,,,,Pacers,2011-01-14,2011-01-17,3.0,activated from IL,,2011.0
367.0,LANCE STEPHENSON,IND,20.0,12.0,3.0,9.0,9.6,3.1,1.1,3.3,33.3,0.0,0.4,0.0,0.9,1.2,78.6,0.1,1.4,1.5,1.8,1.3,0.3,0.0,1.2,7.2,0.0,0.0,-0.1,2010-2011,,,,,,,,,,,,,,,,,,,,,,,,,,SG,0.093,9.0,10.25,76.5,77.75,103.0,227.0,82.5,SG,11.39,,3.38,27.0,33.0,10.0,,,,,,,,,,,,,Pacers,2011-02-23,2011-04-01,37.0,activated from IL,,2011.0
367.0,LANCE STEPHENSON,IND,20.0,12.0,3.0,9.0,9.6,3.1,1.1,3.3,33.3,0.0,0.4,0.0,0.9,1.2,78.6,0.1,1.4,1.5,1.8,1.3,0.3,0.0,1.2,7.2,0.0,0.0,-0.1,2010-2011,,,,,,,,,,,,,,,,,,,,,,,,,,SG,0.093,9.0,10.25,76.5,77.75,103.0,227.0,82.5,SG,11.39,,3.38,27.0,33.0,10.0,,,,,,,,,,,,,Pacers,2012-04-17,2012-04-21,4.0,activated from IL,,2012.0
367.0,LANCE STEPHENSON,IND,20.0,12.0,3.0,9.0,9.6,3.1,1.1,3.3,33.3,0.0,0.4,0.0,0.9,1.2,78.6,0.1,1.4,1.5,1.8,1.3,0.3,0.0,1.2,7.2,0.0,0.0,-0.1,2010-2011,,,,,,,,,,,,,,,,,,,,,,,,,,SG,0.093,9.0,10.25,76.5,77.75,103.0,227.0,82.5,SG,11.39,,3.38,27.0,33.0,10.0,,,,,,,,,,,,,Pacers,2012-04-23,2014-01-08,625.0,activated from IL,,2012.0
367.0,LANCE STEPHENSON,IND,20.0,12.0,3.0,9.0,9.6,3.1,1.1,3.3,33.3,0.0,0.4,0.0,0.9,1.2,78.6,0.1,1.4,1.5,1.8,1.3,0.3,0.0,1.2,7.2,0.0,0.0,-0.1,2010-2011,,,,,,,,,,,,,,,,,,,,,,,,,,SG,0.093,9.0,10.25,76.5,77.75,103.0,227.0,82.5,SG,11.39,,3.38,27.0,33.0,10.0,,,,,,,,,,,,,Pacers,2014-01-10,2022-02-27,2970.0,activated from IL,,2014.0
367.0,LANCE STEPHENSON,IND,20.0,12.0,3.0,9.0,9.6,3.1,1.1,3.3,33.3,0.0,0.4,0.0,0.9,1.2,78.6,0.1,1.4,1.5,1.8,1.3,0.3,0.0,1.2,7.2,0.0,0.0,-0.1,2010-2011,,,,,,,,,,,,,,,,,,,,,,,,,,SG,0.093,9.0,10.25,76.5,77.75,103.0,227.0,82.5,SG,11.39,,3.38,27.0,33.0,10.0,,,,,,,,,,,,,Hornets,2014-12-29,2015-01-10,12.0,activated from IL,,2014.0
367.0,LANCE STEPHENSON,IND,20.0,12.0,3.0,9.0,9.6,3.1,1.1,3.3,33.3,0.0,0.4,0.0,0.9,1.2,78.6,0.1,1.4,1.5,1.8,1.3,0.3,0.0,1.2,7.2,0.0,0.0,-0.1,2010-2011,,,,,,,,,,,,,,,,,,,,,,,,,,SG,0.093,9.0,10.25,76.5,77.75,103.0,227.0,82.5,SG,11.39,,3.38,27.0,33.0,10.0,,,,,,,,,,,,,Lakers,2019-03-06,2019-03-12,6.0,activated from IL,,2019.0
367.0,LANCE STEPHENSON,IND,20.0,12.0,3.0,9.0,9.6,3.1,1.1,3.3,33.3,0.0,0.4,0.0,0.9,1.2,78.6,0.1,1.4,1.5,1.8,1.3,0.3,0.0,1.2,7.2,0.0,0.0,-0.1,2010-2011,,,,,,,,,,,,,,,,,,,,,,,,,,SG,0.093,9.0,10.25,76.5,77.75,103.0,227.0,82.5,SG,11.39,,3.38,27.0,33.0,10.0,,,,,,,,,,,,,Lakers,2019-03-15,2019-03-17,2.0,activated from IL,,2019.0
367.0,LANCE STEPHENSON,IND,20.0,12.0,3.0,9.0,9.6,3.1,1.1,3.3,33.3,0.0,0.4,0.0,0.9,1.2,78.6,0.1,1.4,1.5,1.8,1.3,0.3,0.0,1.2,7.2,0.0,0.0,-0.1,2010-2011,,,,,,,,,,,,,,,,,,,,,,,,,,SG,0.093,9.0,10.25,76.5,77.75,103.0,227.0,82.5,SG,11.39,,3.38,27.0,33.0,10.0,,,,,,,,,,,,,Lakers,2019-03-22,2019-04-09,18.0,activated from IL,,2019.0
315.0,LARRY SANDERS,MIL,22.0,60.0,28.0,32.0,14.5,4.3,1.9,4.5,43.3,0.0,0.0,0.0,0.5,0.8,56.0,1.0,2.0,3.0,0.3,0.6,0.4,1.2,2.0,12.4,1.0,0.0,-2.4,2010-2011,,,,,,,,,,,,,,,,,,,,,,,,,,PF-C,0.046,9.75,11.0,81.25,82.5,112.0,222.4,89.75,PF-C,12.49,,3.27,25.5,28.0,7.0,,,,,,,,,,,,,,,,,,,
336.0,LAZAR HAYWARD,MIN,24.0,42.0,10.0,32.0,10.0,3.8,1.3,3.7,35.7,0.4,1.4,28.3,0.8,1.0,78.6,0.5,1.1,1.7,0.7,0.5,0.3,0.2,1.0,7.7,0.0,0.0,-2.8,2010-2011,,,,,,,,,,,,,,,,,,,,,,,,,,SG-SF,0.075,9.25,9.5,76.5,77.75,102.0,225.8,84.75,SG-SF,10.87,,3.31,31.0,36.0,15.0,,,,,,,,,,,,,Timberwolves,2010-11-09,2010-12-17,38.0,activated from IL,,2010.0
336.0,LAZAR HAYWARD,MIN,24.0,42.0,10.0,32.0,10.0,3.8,1.3,3.7,35.7,0.4,1.4,28.3,0.8,1.0,78.6,0.5,1.1,1.7,0.7,0.5,0.3,0.2,1.0,7.7,0.0,0.0,-2.8,2010-2011,,,,,,,,,,,,,,,,,,,,,,,,,,SG-SF,0.075,9.25,9.5,76.5,77.75,102.0,225.8,84.75,SG-SF,10.87,,3.31,31.0,36.0,15.0,,,,,,,,,,,,,Timberwolves,2010-12-18,2010-12-27,9.0,activated from IL,,2010.0
336.0,LAZAR HAYWARD,MIN,24.0,42.0,10.0,32.0,10.0,3.8,1.3,3.7,35.7,0.4,1.4,28.3,0.8,1.0,78.6,0.5,1.1,1.7,0.7,0.5,0.3,0.2,1.0,7.7,0.0,0.0,-2.8,2010-2011,,,,,,,,,,,,,,,,,,,,,,,,,,SG-SF,0.075,9.25,9.5,76.5,77.75,102.0,225.8,84.75,SG-SF,10.87,,3.31,31.0,36.0,15.0,,,,,,,,,,,,,Timberwolves,2011-01-13,2011-01-17,4.0,activated from IL,,2011.0
336.0,LAZAR HAYWARD,MIN,24.0,42.0,10.0,32.0,10.0,3.8,1.3,3.7,35.7,0.4,1.4,28.3,0.8,1.0,78.6,0.5,1.1,1.7,0.7,0.5,0.3,0.2,1.0,7.7,0.0,0.0,-2.8,2010-2011,,,,,,,,,,,,,,,,,,,,,,,,,,SG-SF,0.075,9.25,9.5,76.5,77.75,102.0,225.8,84.75,SG-SF,10.87,,3.31,31.0,36.0,15.0,,,,,,,,,,,,,Timberwolves,2011-01-19,2011-01-26,7.0,activated from IL,,2011.0
336.0,LAZAR HAYWARD,MIN,24.0,42.0,10.0,32.0,10.0,3.8,1.3,3.7,35.7,0.4,1.4,28.3,0.8,1.0,78.6,0.5,1.1,1.7,0.7,0.5,0.3,0.2,1.0,7.7,0.0,0.0,-2.8,2010-2011,,,,,,,,,,,,,,,,,,,,,,,,,,SG-SF,0.075,9.25,9.5,76.5,77.75,102.0,225.8,84.75,SG-SF,10.87,,3.31,31.0,36.0,15.0,,,,,,,,,,,,,Timberwolves,2011-02-04,2011-02-14,10.0,activated from IL,,2011.0
336.0,LAZAR HAYWARD,MIN,24.0,42.0,10.0,32.0,10.0,3.8,1.3,3.7,35.7,0.4,1.4,28.3,0.8,1.0,78.6,0.5,1.1,1.7,0.7,0.5,0.3,0.2,1.0,7.7,0.0,0.0,-2.8,2010-2011,,,,,,,,,,,,,,,,,,,,,,,,,,SG-SF,0.075,9.25,9.5,76.5,77.75,102.0,225.8,84.75,SG-SF,10.87,,3.31,31.0,36.0,15.0,,,,,,,,,,,,,Timberwolves,2011-02-16,2011-03-09,21.0,activated from IL,,2011.0
336.0,LAZAR HAYWARD,MIN,24.0,42.0,10.0,32.0,10.0,3.8,1.3,3.7,35.7,0.4,1.4,28.3,0.8,1.0,78.6,0.5,1.1,1.7,0.7,0.5,0.3,0.2,1.0,7.7,0.0,0.0,-2.8,2010-2011,,,,,,,,,,,,,,,,,,,,,,,,,,SG-SF,0.075,9.25,9.5,76.5,77.75,102.0,225.8,84.75,SG-SF,10.87,,3.31,31.0,36.0,15.0,,,,,,,,,,,,,Thunder,2011-12-28,2012-03-02,65.0,activated from IL with throat injury,,2011.0
422.0,LUKE BABBITT,POR,22.0,24.0,11.0,13.0,5.7,1.5,0.6,2.3,27.3,0.1,0.7,18.8,0.1,0.4,33.3,0.3,1.0,1.3,0.3,0.3,0.1,0.1,0.6,3.5,1.0,0.0,-1.3,2010-2011,,,,,,,,,,,,,,,,,,,,,,,,,,SF-PF,0.056,8.5,10.0,79.5,80.75,104.5,217.8,83.25,SF-PF,10.98,,3.4,29.5,37.5,15.0,,,,,,,,,,,,,Blazers,2010-12-18,2011-03-07,79.0,activated from IL,,2010.0
422.0,LUKE BABBITT,POR,22.0,24.0,11.0,13.0,5.7,1.5,0.6,2.3,27.3,0.1,0.7,18.8,0.1,0.4,33.3,0.3,1.0,1.3,0.3,0.3,0.1,0.1,0.6,3.5,1.0,0.0,-1.3,2010-2011,,,,,,,,,,,,,,,,,,,,,,,,,,SF-PF,0.056,8.5,10.0,79.5,80.75,104.5,217.8,83.25,SF-PF,10.98,,3.4,29.5,37.5,15.0,,,,,,,,,,,,,Blazers,2011-04-03,2011-04-12,9.0,activated from IL,,2011.0
422.0,LUKE BABBITT,POR,22.0,24.0,11.0,13.0,5.7,1.5,0.6,2.3,27.3,0.1,0.7,18.8,0.1,0.4,33.3,0.3,1.0,1.3,0.3,0.3,0.1,0.1,0.6,3.5,1.0,0.0,-1.3,2010-2011,,,,,,,,,,,,,,,,,,,,,,,,,,SF-PF,0.056,8.5,10.0,79.5,80.75,104.5,217.8,83.25,SF-PF,10.98,,3.4,29.5,37.5,15.0,,,,,,,,,,,,,Blazers,2011-04-13,2011-04-16,3.0,activated from IL,,2011.0
422.0,LUKE BABBITT,POR,22.0,24.0,11.0,13.0,5.7,1.5,0.6,2.3,27.3,0.1,0.7,18.8,0.1,0.4,33.3,0.3,1.0,1.3,0.3,0.3,0.1,0.1,0.6,3.5,1.0,0.0,-1.3,2010-2011,,,,,,,,,,,,,,,,,,,,,,,,,,SF-PF,0.056,8.5,10.0,79.5,80.75,104.5,217.8,83.25,SF-PF,10.98,,3.4,29.5,37.5,15.0,,,,,,,,,,,,,Hawks,2017-11-30,2018-01-08,39.0,activated from IL,,2017.0
422.0,LUKE BABBITT,POR,22.0,24.0,11.0,13.0,5.7,1.5,0.6,2.3,27.3,0.1,0.7,18.8,0.1,0.4,33.3,0.3,1.0,1.3,0.3,0.3,0.1,0.1,0.6,3.5,1.0,0.0,-1.3,2010-2011,,,,,,,,,,,,,,,,,,,,,,,,,,SF-PF,0.056,8.5,10.0,79.5,80.75,104.5,217.8,83.25,SF-PF,10.98,,3.4,29.5,37.5,15.0,,,,,,,,,,,,,Heat,2018-04-04,2018-04-09,5.0,activated from IL,,2018.0
333.0,LUKE HARANGODY,CLE,23.0,49.0,29.0,20.0,13.1,3.9,1.6,4.2,38.3,0.3,1.3,24.2,0.4,0.5,73.1,0.8,2.1,2.9,0.6,0.3,0.3,0.3,1.6,10.0,1.0,0.0,-1.5,2010-2011,,,,,,,,,,,,,,,,,,,,,,,,,,PF,0.111,8.75,9.75,78.0,79.75,106.0,240.2,81.5,PF,11.83,,3.41,24.0,28.5,23.0,,,,,,,,,,,,,Cavaliers,2011-02-27,2012-01-27,334.0,activated from IL,,2011.0
333.0,LUKE HARANGODY,CLE,23.0,49.0,29.0,20.0,13.1,3.9,1.6,4.2,38.3,0.3,1.3,24.2,0.4,0.5,73.1,0.8,2.1,2.9,0.6,0.3,0.3,0.3,1.6,10.0,1.0,0.0,-1.5,2010-2011,,,,,,,,,,,,,,,,,,,,,,,,,,PF,0.111,8.75,9.75,78.0,79.75,106.0,240.2,81.5,PF,11.83,,3.41,24.0,28.5,23.0,,,,,,,,,,,,,Cavaliers,2012-02-03,2012-03-07,33.0,activated from IL,,2012.0
333.0,LUKE HARANGODY,CLE,23.0,49.0,29.0,20.0,13.1,3.9,1.6,4.2,38.3,0.3,1.3,24.2,0.4,0.5,73.1,0.8,2.1,2.9,0.6,0.3,0.3,0.3,1.6,10.0,1.0,0.0,-1.5,2010-2011,,,,,,,,,,,,,,,,,,,,,,,,,,PF,0.111,8.75,9.75,78.0,79.75,106.0,240.2,81.5,PF,11.83,,3.41,24.0,28.5,23.0,,,,,,,,,,,,,Cavaliers,2012-04-14,2012-04-15,1.0,activated from IL,,2012.0
333.0,LUKE HARANGODY,CLE,23.0,49.0,29.0,20.0,13.1,3.9,1.6,4.2,38.3,0.3,1.3,24.2,0.4,0.5,73.1,0.8,2.1,2.9,0.6,0.3,0.3,0.3,1.6,10.0,1.0,0.0,-1.5,2010-2011,,,,,,,,,,,,,,,,,,,,,,,,,,PF,0.111,8.75,9.75,78.0,79.75,106.0,240.2,81.5,PF,11.83,,3.41,24.0,28.5,23.0,,,,,,,,,,,,,Cavaliers,2012-04-18,2012-10-30,195.0,activated from IL,,2012.0
333.0,LUKE HARANGODY,CLE,23.0,49.0,29.0,20.0,13.1,3.9,1.6,4.2,38.3,0.3,1.3,24.2,0.4,0.5,73.1,0.8,2.1,2.9,0.6,0.3,0.3,0.3,1.6,10.0,1.0,0.0,-1.5,2010-2011,,,,,,,,,,,,,,,,,,,,,,,,,,PF,0.111,8.75,9.75,78.0,79.75,106.0,240.2,81.5,PF,11.83,,3.41,24.0,28.5,23.0,,,,,,,,,,,,,Cavaliers,2012-11-07,2012-11-11,4.0,activated from IL,,2012.0
251.0,MANNY HARRIS,CLE,21.0,54.0,7.0,47.0,17.3,5.9,2.0,5.4,37.4,0.6,1.7,37.0,1.3,1.7,76.3,0.7,1.9,2.6,1.6,1.2,0.6,0.1,1.2,12.4,1.0,0.0,-4.4,2010-2011,,,,,,,,,,,,,,,,,,,,,,,,,,SG,0.038,8.5,9.0,76.0,77.5,102.0,185.1,79.25,SG,,,,,,11.0,,,,,,,,,,,,,Cavaliers,2010-11-13,2010-11-19,6.0,activated from IL,,2010.0
251.0,MANNY HARRIS,CLE,21.0,54.0,7.0,47.0,17.3,5.9,2.0,5.4,37.4,0.6,1.7,37.0,1.3,1.7,76.3,0.7,1.9,2.6,1.6,1.2,0.6,0.1,1.2,12.4,1.0,0.0,-4.4,2010-2011,,,,,,,,,,,,,,,,,,,,,,,,,,SG,0.038,8.5,9.0,76.0,77.5,102.0,185.1,79.25,SG,,,,,,11.0,,,,,,,,,,,,,Cavaliers,2010-12-04,2010-12-05,1.0,activated from IL,,2010.0
251.0,MANNY HARRIS,CLE,21.0,54.0,7.0,47.0,17.3,5.9,2.0,5.4,37.4,0.6,1.7,37.0,1.3,1.7,76.3,0.7,1.9,2.6,1.6,1.2,0.6,0.1,1.2,12.4,1.0,0.0,-4.4,2010-2011,,,,,,,,,,,,,,,,,,,,,,,,,,SG,0.038,8.5,9.0,76.0,77.5,102.0,185.1,79.25,SG,,,,,,11.0,,,,,,,,,,,,,Cavaliers,2010-12-08,2011-02-16,70.0,activated from IL,,2010.0
251.0,MANNY HARRIS,CLE,21.0,54.0,7.0,47.0,17.3,5.9,2.0,5.4,37.4,0.6,1.7,37.0,1.3,1.7,76.3,0.7,1.9,2.6,1.6,1.2,0.6,0.1,1.2,12.4,1.0,0.0,-4.4,2010-2011,,,,,,,,,,,,,,,,,,,,,,,,,,SG,0.038,8.5,9.0,76.0,77.5,102.0,185.1,79.25,SG,,,,,,11.0,,,,,,,,,,,,,Cavaliers,2011-02-23,2012-03-19,390.0,activated from IL,,2011.0
251.0,MANNY HARRIS,CLE,21.0,54.0,7.0,47.0,17.3,5.9,2.0,5.4,37.4,0.6,1.7,37.0,1.3,1.7,76.3,0.7,1.9,2.6,1.6,1.2,0.6,0.1,1.2,12.4,1.0,0.0,-4.4,2010-2011,,,,,,,,,,,,,,,,,,,,,,,,,,SG,0.038,8.5,9.0,76.0,77.5,102.0,185.1,79.25,SG,,,,,,11.0,,,,,,,,,,,,,Mavericks,2017-03-13,2017-03-23,10.0,activated from IL,,2017.0
245.0,PATRICK PATTERSON,HOU,22.0,52.0,29.0,23.0,16.7,6.3,2.9,5.1,55.8,0.0,0.0,0.0,0.6,0.8,71.4,1.7,2.2,3.8,0.8,0.6,0.3,0.7,1.5,14.6,4.0,0.0,0.2,2010-2011,,,,,,,,,,,,,,,,,,,,,,,,,,PF,0.053,9.25,10.25,80.0,81.25,107.0,239.6,85.25,PF,11.14,,3.25,28.5,33.5,17.0,,,,,,,,,,,,,Rockets,2012-11-02,2012-12-22,50.0,activated from IL,,2012.0
245.0,PATRICK PATTERSON,HOU,22.0,52.0,29.0,23.0,16.7,6.3,2.9,5.1,55.8,0.0,0.0,0.0,0.6,0.8,71.4,1.7,2.2,3.8,0.8,0.6,0.3,0.7,1.5,14.6,4.0,0.0,0.2,2010-2011,,,,,,,,,,,,,,,,,,,,,,,,,,PF,0.053,9.25,10.25,80.0,81.25,107.0,239.6,85.25,PF,11.14,,3.25,28.5,33.5,17.0,,,,,,,,,,,,,Raptors,2014-03-31,2015-02-23,329.0,activated from IL,,2014.0
245.0,PATRICK PATTERSON,HOU,22.0,52.0,29.0,23.0,16.7,6.3,2.9,5.1,55.8,0.0,0.0,0.0,0.6,0.8,71.4,1.7,2.2,3.8,0.8,0.6,0.3,0.7,1.5,14.6,4.0,0.0,0.2,2010-2011,,,,,,,,,,,,,,,,,,,,,,,,,,PF,0.053,9.25,10.25,80.0,81.25,107.0,239.6,85.25,PF,11.14,,3.25,28.5,33.5,17.0,,,,,,,,,,,,,Raptors,2015-02-24,2016-03-20,390.0,activated from IL,,2015.0
245.0,PATRICK PATTERSON,HOU,22.0,52.0,29.0,23.0,16.7,6.3,2.9,5.1,55.8,0.0,0.0,0.0,0.6,0.8,71.4,1.7,2.2,3.8,0.8,0.6,0.3,0.7,1.5,14.6,4.0,0.0,0.2,2010-2011,,,,,,,,,,,,,,,,,,,,,,,,,,PF,0.053,9.25,10.25,80.0,81.25,107.0,239.6,85.25,PF,11.14,,3.25,28.5,33.5,17.0,,,,,,,,,,,,,Raptors,2016-03-25,2017-01-20,301.0,activated from IL,,2016.0
245.0,PATRICK PATTERSON,HOU,22.0,52.0,29.0,23.0,16.7,6.3,2.9,5.1,55.8,0.0,0.0,0.0,0.6,0.8,71.4,1.7,2.2,3.8,0.8,0.6,0.3,0.7,1.5,14.6,4.0,0.0,0.2,2010-2011,,,,,,,,,,,,,,,,,,,,,,,,,,PF,0.053,9.25,10.25,80.0,81.25,107.0,239.6,85.25,PF,11.14,,3.25,28.5,33.5,17.0,,,,,,,,,,,,,Raptors,2017-01-22,2017-02-12,21.0,activated from IL,,2017.0
245.0,PATRICK PATTERSON,HOU,22.0,52.0,29.0,23.0,16.7,6.3,2.9,5.1,55.8,0.0,0.0,0.0,0.6,0.8,71.4,1.7,2.2,3.8,0.8,0.6,0.3,0.7,1.5,14.6,4.0,0.0,0.2,2010-2011,,,,,,,,,,,,,,,,,,,,,,,,,,PF,0.053,9.25,10.25,80.0,81.25,107.0,239.6,85.25,PF,11.14,,3.25,28.5,33.5,17.0,,,,,,,,,,,,,Raptors,2017-02-14,2017-02-15,1.0,activated from IL,,2017.0
203.0,PAUL GEORGE,IND,21.0,61.0,29.0,32.0,20.7,7.8,2.9,6.5,45.3,0.7,2.3,29.7,1.3,1.7,76.2,0.6,3.1,3.7,1.1,1.1,1.0,0.4,2.1,17.0,0.0,0.0,-0.1,2010-2011,,,,,,,,,,,,,,,,,,,,,,,,,,SF,0.05,8.5,9.0,79.75,80.75,107.0,214.4,83.25,SF,,,,,,4.0,,,,,,,,,,,,,Pacers,2010-12-13,2010-12-17,4.0,activated from IL,,2010.0
203.0,PAUL GEORGE,IND,21.0,61.0,29.0,32.0,20.7,7.8,2.9,6.5,45.3,0.7,2.3,29.7,1.3,1.7,76.2,0.6,3.1,3.7,1.1,1.1,1.0,0.4,2.1,17.0,0.0,0.0,-0.1,2010-2011,,,,,,,,,,,,,,,,,,,,,,,,,,SF,0.05,8.5,9.0,79.75,80.75,107.0,214.4,83.25,SF,,,,,,4.0,,,,,,,,,,,,,Pacers,2010-12-29,2013-01-12,745.0,activated from IL,,2010.0
203.0,PAUL GEORGE,IND,21.0,61.0,29.0,32.0,20.7,7.8,2.9,6.5,45.3,0.7,2.3,29.7,1.3,1.7,76.2,0.6,3.1,3.7,1.1,1.1,1.0,0.4,2.1,17.0,0.0,0.0,-0.1,2010-2011,,,,,,,,,,,,,,,,,,,,,,,,,,SF,0.05,8.5,9.0,79.75,80.75,107.0,214.4,83.25,SF,,,,,,4.0,,,,,,,,,,,,,Pacers,2013-01-13,2014-10-29,654.0,activated from IL,,2013.0
203.0,PAUL GEORGE,IND,21.0,61.0,29.0,32.0,20.7,7.8,2.9,6.5,45.3,0.7,2.3,29.7,1.3,1.7,76.2,0.6,3.1,3.7,1.1,1.1,1.0,0.4,2.1,17.0,0.0,0.0,-0.1,2010-2011,,,,,,,,,,,,,,,,,,,,,,,,,,SF,0.05,8.5,9.0,79.75,80.75,107.0,214.4,83.25,SF,,,,,,4.0,,,,,,,,,,,,,Pacers,2015-04-05,2016-11-12,587.0,activated from IL,,2015.0
203.0,PAUL GEORGE,IND,21.0,61.0,29.0,32.0,20.7,7.8,2.9,6.5,45.3,0.7,2.3,29.7,1.3,1.7,76.2,0.6,3.1,3.7,1.1,1.1,1.0,0.4,2.1,17.0,0.0,0.0,-0.1,2010-2011,,,,,,,,,,,,,,,,,,,,,,,,,,SF,0.05,8.5,9.0,79.75,80.75,107.0,214.4,83.25,SF,,,,,,4.0,,,,,,,,,,,,,Pacers,2016-11-14,2016-11-18,4.0,activated from IL,,2016.0
203.0,PAUL GEORGE,IND,21.0,61.0,29.0,32.0,20.7,7.8,2.9,6.5,45.3,0.7,2.3,29.7,1.3,1.7,76.2,0.6,3.1,3.7,1.1,1.1,1.0,0.4,2.1,17.0,0.0,0.0,-0.1,2010-2011,,,,,,,,,,,,,,,,,,,,,,,,,,SF,0.05,8.5,9.0,79.75,80.75,107.0,214.4,83.25,SF,,,,,,4.0,,,,,,,,,,,,,Thunder,2017-12-11,2017-12-29,18.0,activated from IL,,2017.0
203.0,PAUL GEORGE,IND,21.0,61.0,29.0,32.0,20.7,7.8,2.9,6.5,45.3,0.7,2.3,29.7,1.3,1.7,76.2,0.6,3.1,3.7,1.1,1.1,1.0,0.4,2.1,17.0,0.0,0.0,-0.1,2010-2011,,,,,,,,,,,,,,,,,,,,,,,,,,SF,0.05,8.5,9.0,79.75,80.75,107.0,214.4,83.25,SF,,,,,,4.0,,,,,,,,,,,,,Thunder,2017-12-31,2019-04-10,465.0,activated from IL,,2017.0
203.0,PAUL GEORGE,IND,21.0,61.0,29.0,32.0,20.7,7.8,2.9,6.5,45.3,0.7,2.3,29.7,1.3,1.7,76.2,0.6,3.1,3.7,1.1,1.1,1.0,0.4,2.1,17.0,0.0,0.0,-0.1,2010-2011,,,,,,,,,,,,,,,,,,,,,,,,,,SF,0.05,8.5,9.0,79.75,80.75,107.0,214.4,83.25,SF,,,,,,4.0,,,,,,,,,,,,,Clippers,2019-11-14,2020-01-04,51.0,activated from IL,,2019.0
203.0,PAUL GEORGE,IND,21.0,61.0,29.0,32.0,20.7,7.8,2.9,6.5,45.3,0.7,2.3,29.7,1.3,1.7,76.2,0.6,3.1,3.7,1.1,1.1,1.0,0.4,2.1,17.0,0.0,0.0,-0.1,2010-2011,,,,,,,,,,,,,,,,,,,,,,,,,,SF,0.05,8.5,9.0,79.75,80.75,107.0,214.4,83.25,SF,,,,,,4.0,,,,,,,,,,,,,Clippers,2020-01-05,2020-01-10,5.0,activated from IL,,2020.0
203.0,PAUL GEORGE,IND,21.0,61.0,29.0,32.0,20.7,7.8,2.9,6.5,45.3,0.7,2.3,29.7,1.3,1.7,76.2,0.6,3.1,3.7,1.1,1.1,1.0,0.4,2.1,17.0,0.0,0.0,-0.1,2010-2011,,,,,,,,,,,,,,,,,,,,,,,,,,SF,0.05,8.5,9.0,79.75,80.75,107.0,214.4,83.25,SF,,,,,,4.0,,,,,,,,,,,,,Clippers,2020-01-30,2020-02-22,23.0,activated from IL,,2020.0
203.0,PAUL GEORGE,IND,21.0,61.0,29.0,32.0,20.7,7.8,2.9,6.5,45.3,0.7,2.3,29.7,1.3,1.7,76.2,0.6,3.1,3.7,1.1,1.1,1.0,0.4,2.1,17.0,0.0,0.0,-0.1,2010-2011,,,,,,,,,,,,,,,,,,,,,,,,,,SF,0.05,8.5,9.0,79.75,80.75,107.0,214.4,83.25,SF,,,,,,4.0,,,,,,,,,,,,,Clippers,2020-02-24,2021-01-25,336.0,activated from IL,,2020.0
203.0,PAUL GEORGE,IND,21.0,61.0,29.0,32.0,20.7,7.8,2.9,6.5,45.3,0.7,2.3,29.7,1.3,1.7,76.2,0.6,3.1,3.7,1.1,1.1,1.0,0.4,2.1,17.0,0.0,0.0,-0.1,2010-2011,,,,,,,,,,,,,,,,,,,,,,,,,,SF,0.05,8.5,9.0,79.75,80.75,107.0,214.4,83.25,SF,,,,,,4.0,,,,,,,,,,,,,Clippers,2021-01-29,2021-02-05,7.0,activated from IL,,2021.0
203.0,PAUL GEORGE,IND,21.0,61.0,29.0,32.0,20.7,7.8,2.9,6.5,45.3,0.7,2.3,29.7,1.3,1.7,76.2,0.6,3.1,3.7,1.1,1.1,1.0,0.4,2.1,17.0,0.0,0.0,-0.1,2010-2011,,,,,,,,,,,,,,,,,,,,,,,,,,SF,0.05,8.5,9.0,79.75,80.75,107.0,214.4,83.25,SF,,,,,,4.0,,,,,,,,,,,,,Clippers,2021-02-19,2021-03-30,39.0,activated from IL,,2021.0
203.0,PAUL GEORGE,IND,21.0,61.0,29.0,32.0,20.7,7.8,2.9,6.5,45.3,0.7,2.3,29.7,1.3,1.7,76.2,0.6,3.1,3.7,1.1,1.1,1.0,0.4,2.1,17.0,0.0,0.0,-0.1,2010-2011,,,,,,,,,,,,,,,,,,,,,,,,,,SF,0.05,8.5,9.0,79.75,80.75,107.0,214.4,83.25,SF,,,,,,4.0,,,,,,,,,,,,,Clippers,2021-04-01,2021-12-11,254.0,activated from IL,,2021.0
203.0,PAUL GEORGE,IND,21.0,61.0,29.0,32.0,20.7,7.8,2.9,6.5,45.3,0.7,2.3,29.7,1.3,1.7,76.2,0.6,3.1,3.7,1.1,1.1,1.0,0.4,2.1,17.0,0.0,0.0,-0.1,2010-2011,,,,,,,,,,,,,,,,,,,,,,,,,,SF,0.05,8.5,9.0,79.75,80.75,107.0,214.4,83.25,SF,,,,,,4.0,,,,,,,,,,,,,Clippers,2021-12-20,2021-12-25,5.0,activated from IL,,2021.0
203.0,PAUL GEORGE,IND,21.0,61.0,29.0,32.0,20.7,7.8,2.9,6.5,45.3,0.7,2.3,29.7,1.3,1.7,76.2,0.6,3.1,3.7,1.1,1.1,1.0,0.4,2.1,17.0,0.0,0.0,-0.1,2010-2011,,,,,,,,,,,,,,,,,,,,,,,,,,SF,0.05,8.5,9.0,79.75,80.75,107.0,214.4,83.25,SF,,,,,,4.0,,,,,,,,,,,,,Clippers,2022-03-29,2022-04-01,3.0,activated from IL,,2022.0
203.0,PAUL GEORGE,IND,21.0,61.0,29.0,32.0,20.7,7.8,2.9,6.5,45.3,0.7,2.3,29.7,1.3,1.7,76.2,0.6,3.1,3.7,1.1,1.1,1.0,0.4,2.1,17.0,0.0,0.0,-0.1,2010-2011,,,,,,,,,,,,,,,,,,,,,,,,,,SF,0.05,8.5,9.0,79.75,80.75,107.0,214.4,83.25,SF,,,,,,4.0,,,,,,,,,,,,,Clippers,2022-04-02,2022-04-10,8.0,activated from IL,,2022.0
203.0,PAUL GEORGE,IND,21.0,61.0,29.0,32.0,20.7,7.8,2.9,6.5,45.3,0.7,2.3,29.7,1.3,1.7,76.2,0.6,3.1,3.7,1.1,1.1,1.0,0.4,2.1,17.0,0.0,0.0,-0.1,2010-2011,,,,,,,,,,,,,,,,,,,,,,,,,,SF,0.05,8.5,9.0,79.75,80.75,107.0,214.4,83.25,SF,,,,,,4.0,,,,,,,,,,,,,Clippers,2022-10-26,2022-11-21,26.0,activated from IL,,2022.0
203.0,PAUL GEORGE,IND,21.0,61.0,29.0,32.0,20.7,7.8,2.9,6.5,45.3,0.7,2.3,29.7,1.3,1.7,76.2,0.6,3.1,3.7,1.1,1.1,1.0,0.4,2.1,17.0,0.0,0.0,-0.1,2010-2011,,,,,,,,,,,,,,,,,,,,,,,,,,SF,0.05,8.5,9.0,79.75,80.75,107.0,214.4,83.25,SF,,,,,,4.0,,,,,,,,,,,,,Clippers,2022-12-05,2022-12-15,10.0,activated from IL,,2022.0
203.0,PAUL GEORGE,IND,21.0,61.0,29.0,32.0,20.7,7.8,2.9,6.5,45.3,0.7,2.3,29.7,1.3,1.7,76.2,0.6,3.1,3.7,1.1,1.1,1.0,0.4,2.1,17.0,0.0,0.0,-0.1,2010-2011,,,,,,,,,,,,,,,,,,,,,,,,,,SF,0.05,8.5,9.0,79.75,80.75,107.0,214.4,83.25,SF,,,,,,4.0,,,,,,,,,,,,,Clippers,2022-12-21,2023-01-06,16.0,activated from IL,,2022.0
203.0,PAUL GEORGE,IND,21.0,61.0,29.0,32.0,20.7,7.8,2.9,6.5,45.3,0.7,2.3,29.7,1.3,1.7,76.2,0.6,3.1,3.7,1.1,1.1,1.0,0.4,2.1,17.0,0.0,0.0,-0.1,2010-2011,,,,,,,,,,,,,,,,,,,,,,,,,,SF,0.05,8.5,9.0,79.75,80.75,107.0,214.4,83.25,SF,,,,,,4.0,,,,,,,,,,,,,Clippers,2023-01-17,2023-01-18,1.0,activated from IL,,2023.0
203.0,PAUL GEORGE,IND,21.0,61.0,29.0,32.0,20.7,7.8,2.9,6.5,45.3,0.7,2.3,29.7,1.3,1.7,76.2,0.6,3.1,3.7,1.1,1.1,1.0,0.4,2.1,17.0,0.0,0.0,-0.1,2010-2011,,,,,,,,,,,,,,,,,,,,,,,,,,SF,0.05,8.5,9.0,79.75,80.75,107.0,214.4,83.25,SF,,,,,,4.0,,,,,,,,,,,,,Clippers,2023-01-20,2023-03-22,61.0,activated from IL,,2023.0
437.0,SHERRON COLLINS,CHA,24.0,20.0,8.0,12.0,3.3,0.9,0.4,1.3,28.0,0.1,0.5,20.0,0.1,0.1,100.0,0.0,0.3,0.3,0.4,0.2,0.1,0.0,0.1,1.9,0.0,0.0,-0.8,2010-2011,,,,,,,,,,,,,,,,,,,,,,,,,,PG,0.092,8.5,9.5,70.25,71.75,94.0,217.2,74.5,PG,12.31,,3.24,27.5,33.0,,,,,,,,,,,,,,Bobcats,2010-12-21,2010-12-27,6.0,activated from IL,,2010.0
437.0,SHERRON COLLINS,CHA,24.0,20.0,8.0,12.0,3.3,0.9,0.4,1.3,28.0,0.1,0.5,20.0,0.1,0.1,100.0,0.0,0.3,0.3,0.4,0.2,0.1,0.0,0.1,1.9,0.0,0.0,-0.8,2010-2011,,,,,,,,,,,,,,,,,,,,,,,,,,PG,0.092,8.5,9.5,70.25,71.75,94.0,217.2,74.5,PG,12.31,,3.24,27.5,33.0,,,,,,,,,,,,,,Bobcats,2010-12-29,2011-01-14,16.0,activated from IL,,2010.0
437.0,SHERRON COLLINS,CHA,24.0,20.0,8.0,12.0,3.3,0.9,0.4,1.3,28.0,0.1,0.5,20.0,0.1,0.1,100.0,0.0,0.3,0.3,0.4,0.2,0.1,0.0,0.1,1.9,0.0,0.0,-0.8,2010-2011,,,,,,,,,,,,,,,,,,,,,,,,,,PG,0.092,8.5,9.5,70.25,71.75,94.0,217.2,74.5,PG,12.31,,3.24,27.5,33.0,,,,,,,,,,,,,,Bobcats,2011-01-18,2011-01-20,2.0,activated from IL,,2011.0
437.0,SHERRON COLLINS,CHA,24.0,20.0,8.0,12.0,3.3,0.9,0.4,1.3,28.0,0.1,0.5,20.0,0.1,0.1,100.0,0.0,0.3,0.3,0.4,0.2,0.1,0.0,0.1,1.9,0.0,0.0,-0.8,2010-2011,,,,,,,,,,,,,,,,,,,,,,,,,,PG,0.092,8.5,9.5,70.25,71.75,94.0,217.2,74.5,PG,12.31,,3.24,27.5,33.0,,,,,,,,,,,,,,Bobcats,2011-01-26,2011-01-28,2.0,activated from IL,,2011.0
437.0,SHERRON COLLINS,CHA,24.0,20.0,8.0,12.0,3.3,0.9,0.4,1.3,28.0,0.1,0.5,20.0,0.1,0.1,100.0,0.0,0.3,0.3,0.4,0.2,0.1,0.0,0.1,1.9,0.0,0.0,-0.8,2010-2011,,,,,,,,,,,,,,,,,,,,,,,,,,PG,0.092,8.5,9.5,70.25,71.75,94.0,217.2,74.5,PG,12.31,,3.24,27.5,33.0,,,,,,,,,,,,,,Bobcats,2011-01-31,2011-02-11,11.0,activated from IL,,2011.0
437.0,SHERRON COLLINS,CHA,24.0,20.0,8.0,12.0,3.3,0.9,0.4,1.3,28.0,0.1,0.5,20.0,0.1,0.1,100.0,0.0,0.3,0.3,0.4,0.2,0.1,0.0,0.1,1.9,0.0,0.0,-0.8,2010-2011,,,,,,,,,,,,,,,,,,,,,,,,,,PG,0.092,8.5,9.5,70.25,71.75,94.0,217.2,74.5,PG,12.31,,3.24,27.5,33.0,,,,,,,,,,,,,,Bobcats,2011-02-12,2011-02-21,9.0,activated from IL,,2011.0
443.0,SOLOMON ALABI,TOR,23.0,12.0,1.0,11.0,4.9,0.5,0.3,1.3,20.0,0.0,0.0,0.0,0.0,0.2,0.0,0.6,0.6,1.2,0.2,0.3,0.2,0.2,0.4,2.9,0.0,0.0,-1.1,2010-2011,,,,,,,,,,,,,,,,,,,,,,,,,,C,0.05,9.25,9.25,83.5,84.75,113.0,237.4,89.0,C,13.2,,3.68,22.5,26.0,10.0,,,,,,,,,,,,,Raptors,2010-11-12,2010-11-16,4.0,activated from IL,,2010.0
443.0,SOLOMON ALABI,TOR,23.0,12.0,1.0,11.0,4.9,0.5,0.3,1.3,20.0,0.0,0.0,0.0,0.0,0.2,0.0,0.6,0.6,1.2,0.2,0.3,0.2,0.2,0.4,2.9,0.0,0.0,-1.1,2010-2011,,,,,,,,,,,,,,,,,,,,,,,,,,C,0.05,9.25,9.25,83.5,84.75,113.0,237.4,89.0,C,13.2,,3.68,22.5,26.0,10.0,,,,,,,,,,,,,Raptors,2010-12-11,2011-01-07,27.0,activated from IL,,2010.0
443.0,SOLOMON ALABI,TOR,23.0,12.0,1.0,11.0,4.9,0.5,0.3,1.3,20.0,0.0,0.0,0.0,0.0,0.2,0.0,0.6,0.6,1.2,0.2,0.3,0.2,0.2,0.4,2.9,0.0,0.0,-1.1,2010-2011,,,,,,,,,,,,,,,,,,,,,,,,,,C,0.05,9.25,9.25,83.5,84.75,113.0,237.4,89.0,C,13.2,,3.68,22.5,26.0,10.0,,,,,,,,,,,,,Raptors,2011-01-14,2011-02-09,26.0,activated from IL,,2011.0
443.0,SOLOMON ALABI,TOR,23.0,12.0,1.0,11.0,4.9,0.5,0.3,1.3,20.0,0.0,0.0,0.0,0.0,0.2,0.0,0.6,0.6,1.2,0.2,0.3,0.2,0.2,0.4,2.9,0.0,0.0,-1.1,2010-2011,,,,,,,,,,,,,,,,,,,,,,,,,,C,0.05,9.25,9.25,83.5,84.75,113.0,237.4,89.0,C,13.2,,3.68,22.5,26.0,10.0,,,,,,,,,,,,,Raptors,2011-02-11,2011-02-13,2.0,activated from IL,,2011.0
443.0,SOLOMON ALABI,TOR,23.0,12.0,1.0,11.0,4.9,0.5,0.3,1.3,20.0,0.0,0.0,0.0,0.0,0.2,0.0,0.6,0.6,1.2,0.2,0.3,0.2,0.2,0.4,2.9,0.0,0.0,-1.1,2010-2011,,,,,,,,,,,,,,,,,,,,,,,,,,C,0.05,9.25,9.25,83.5,84.75,113.0,237.4,89.0,C,13.2,,3.68,22.5,26.0,10.0,,,,,,,,,,,,,Raptors,2011-02-21,2011-03-04,11.0,activated from IL,,2011.0
443.0,SOLOMON ALABI,TOR,23.0,12.0,1.0,11.0,4.9,0.5,0.3,1.3,20.0,0.0,0.0,0.0,0.0,0.2,0.0,0.6,0.6,1.2,0.2,0.3,0.2,0.2,0.4,2.9,0.0,0.0,-1.1,2010-2011,,,,,,,,,,,,,,,,,,,,,,,,,,C,0.05,9.25,9.25,83.5,84.75,113.0,237.4,89.0,C,13.2,,3.68,22.5,26.0,10.0,,,,,,,,,,,,,Raptors,2011-04-11,2012-01-11,275.0,activated from IL,,2011.0
443.0,SOLOMON ALABI,TOR,23.0,12.0,1.0,11.0,4.9,0.5,0.3,1.3,20.0,0.0,0.0,0.0,0.0,0.2,0.0,0.6,0.6,1.2,0.2,0.3,0.2,0.2,0.4,2.9,0.0,0.0,-1.1,2010-2011,,,,,,,,,,,,,,,,,,,,,,,,,,C,0.05,9.25,9.25,83.5,84.75,113.0,237.4,89.0,C,13.2,,3.68,22.5,26.0,10.0,,,,,,,,,,,,,Raptors,2012-01-27,2012-01-31,4.0,activated from IL,,2012.0
443.0,SOLOMON ALABI,TOR,23.0,12.0,1.0,11.0,4.9,0.5,0.3,1.3,20.0,0.0,0.0,0.0,0.0,0.2,0.0,0.6,0.6,1.2,0.2,0.3,0.2,0.2,0.4,2.9,0.0,0.0,-1.1,2010-2011,,,,,,,,,,,,,,,,,,,,,,,,,,C,0.05,9.25,9.25,83.5,84.75,113.0,237.4,89.0,C,13.2,,3.68,22.5,26.0,10.0,,,,,,,,,,,,,Raptors,2012-02-01,2012-02-03,2.0,activated from IL,,2012.0
443.0,SOLOMON ALABI,TOR,23.0,12.0,1.0,11.0,4.9,0.5,0.3,1.3,20.0,0.0,0.0,0.0,0.0,0.2,0.0,0.6,0.6,1.2,0.2,0.3,0.2,0.2,0.4,2.9,0.0,0.0,-1.1,2010-2011,,,,,,,,,,,,,,,,,,,,,,,,,,C,0.05,9.25,9.25,83.5,84.75,113.0,237.4,89.0,C,13.2,,3.68,22.5,26.0,10.0,,,,,,,,,,,,,Raptors,2012-02-10,2012-02-28,18.0,activated from IL,,2012.0
443.0,SOLOMON ALABI,TOR,23.0,12.0,1.0,11.0,4.9,0.5,0.3,1.3,20.0,0.0,0.0,0.0,0.0,0.2,0.0,0.6,0.6,1.2,0.2,0.3,0.2,0.2,0.4,2.9,0.0,0.0,-1.1,2010-2011,,,,,,,,,,,,,,,,,,,,,,,,,,C,0.05,9.25,9.25,83.5,84.75,113.0,237.4,89.0,C,13.2,,3.68,22.5,26.0,10.0,,,,,,,,,,,,,Raptors,2012-03-05,2012-03-10,5.0,activated from IL,,2012.0
277.0,TREVOR BOOKER,WAS,23.0,65.0,15.0,50.0,16.4,5.3,2.1,3.9,54.9,0.0,0.0,0.0,1.0,1.6,67.3,1.5,2.4,3.9,0.5,0.6,0.4,0.6,1.8,13.5,5.0,0.0,-2.7,2010-2011,,,,,,,,,,,,,,,,,,,,,,,,,,PF,0.073,9.0,9.5,78.25,79.5,106.0,235.8,81.75,PF,11.15,,3.1,31.0,36.0,22.0,,,,,,,,,,,,,Nets,2016-12-26,2017-01-10,15.0,activated from IL,,2016.0
277.0,TREVOR BOOKER,WAS,23.0,65.0,15.0,50.0,16.4,5.3,2.1,3.9,54.9,0.0,0.0,0.0,1.0,1.6,67.3,1.5,2.4,3.9,0.5,0.6,0.4,0.6,1.8,13.5,5.0,0.0,-2.7,2010-2011,,,,,,,,,,,,,,,,,,,,,,,,,,PF,0.073,9.0,9.5,78.25,79.5,106.0,235.8,81.75,PF,11.15,,3.1,31.0,36.0,22.0,,,,,,,,,,,,,Nets,2017-01-12,2017-11-07,299.0,activated from IL,,2017.0
173.0,WESLEY JOHNSON,MIN,23.0,79.0,17.0,62.0,26.2,9.0,3.4,8.6,39.7,1.3,3.7,35.6,0.8,1.2,69.6,0.6,2.4,3.0,1.9,1.2,0.7,0.7,2.1,18.5,0.0,0.0,-2.8,2010-2011,,,,,,,,,,,,,,,,,,,,,,,,,,SF,0.046,9.0,9.5,78.25,79.25,106.0,206.4,85.0,SF,11.43,,3.14,32.0,37.0,16.0,,,,,,,,,,,,,,,,,,,
406.0,WILLIE WARREN,LAC,21.0,19.0,5.0,14.0,7.0,1.9,0.7,1.8,37.1,0.3,0.8,33.3,0.3,0.4,75.0,0.1,0.6,0.6,1.4,0.4,0.3,0.0,0.8,5.4,0.0,0.0,1.3,2010-2011,,,,,,,,,,,,,,,,,,,,,,,,,,SG-PG,0.076,8.5,9.5,74.5,75.75,99.5,208.4,78.0,SG-PG,11.21,,3.5,23.0,31.5,10.0,,,,,,,,,,,,,Clippers,2010-11-01,2010-12-03,32.0,activated from IL,,2010.0
406.0,WILLIE WARREN,LAC,21.0,19.0,5.0,14.0,7.0,1.9,0.7,1.8,37.1,0.3,0.8,33.3,0.3,0.4,75.0,0.1,0.6,0.6,1.4,0.4,0.3,0.0,0.8,5.4,0.0,0.0,1.3,2010-2011,,,,,,,,,,,,,,,,,,,,,,,,,,SG-PG,0.076,8.5,9.5,74.5,75.75,99.5,208.4,78.0,SG-PG,11.21,,3.5,23.0,31.5,10.0,,,,,,,,,,,,,Clippers,2010-12-06,2010-12-15,9.0,activated from IL,,2010.0
406.0,WILLIE WARREN,LAC,21.0,19.0,5.0,14.0,7.0,1.9,0.7,1.8,37.1,0.3,0.8,33.3,0.3,0.4,75.0,0.1,0.6,0.6,1.4,0.4,0.3,0.0,0.8,5.4,0.0,0.0,1.3,2010-2011,,,,,,,,,,,,,,,,,,,,,,,,,,SG-PG,0.076,8.5,9.5,74.5,75.75,99.5,208.4,78.0,SG-PG,11.21,,3.5,23.0,31.5,10.0,,,,,,,,,,,,,Clippers,2010-12-18,2011-01-22,35.0,activated from IL,,2010.0
406.0,WILLIE WARREN,LAC,21.0,19.0,5.0,14.0,7.0,1.9,0.7,1.8,37.1,0.3,0.8,33.3,0.3,0.4,75.0,0.1,0.6,0.6,1.4,0.4,0.3,0.0,0.8,5.4,0.0,0.0,1.3,2010-2011,,,,,,,,,,,,,,,,,,,,,,,,,,SG-PG,0.076,8.5,9.5,74.5,75.75,99.5,208.4,78.0,SG-PG,11.21,,3.5,23.0,31.5,10.0,,,,,,,,,,,,,Clippers,2011-01-26,2011-02-16,21.0,activated from IL,,2011.0
406.0,WILLIE WARREN,LAC,21.0,19.0,5.0,14.0,7.0,1.9,0.7,1.8,37.1,0.3,0.8,33.3,0.3,0.4,75.0,0.1,0.6,0.6,1.4,0.4,0.3,0.0,0.8,5.4,0.0,0.0,1.3,2010-2011,,,,,,,,,,,,,,,,,,,,,,,,,,SG-PG,0.076,8.5,9.5,74.5,75.75,99.5,208.4,78.0,SG-PG,11.21,,3.5,23.0,31.5,10.0,,,,,,,,,,,,,Clippers,2011-02-21,2011-02-28,7.0,activated from IL,,2011.0
314.0,XAVIER HENRY,MEM,20.0,38.0,19.0,19.0,13.9,4.3,1.7,4.2,40.6,0.1,0.4,11.8,0.9,1.4,63.5,0.2,0.7,1.0,0.5,0.3,0.3,0.1,1.3,7.0,0.0,0.0,-1.2,2010-2011,,,,,,,,,,,,,,,,,,,,,,,,,,SG,0.047,8.75,10.0,77.25,78.5,105.0,210.2,83.25,SG,11.1,,3.18,28.5,36.5,8.0,,,,,,,,,,,,,Grizzlies,2010-11-02,2011-01-07,66.0,activated from IL,,2010.0
314.0,XAVIER HENRY,MEM,20.0,38.0,19.0,19.0,13.9,4.3,1.7,4.2,40.6,0.1,0.4,11.8,0.9,1.4,63.5,0.2,0.7,1.0,0.5,0.3,0.3,0.1,1.3,7.0,0.0,0.0,-1.2,2010-2011,,,,,,,,,,,,,,,,,,,,,,,,,,SG,0.047,8.75,10.0,77.25,78.5,105.0,210.2,83.25,SG,11.1,,3.18,28.5,36.5,8.0,,,,,,,,,,,,,Grizzlies,2011-01-26,2011-02-23,28.0,activated from IL,,2011.0
314.0,XAVIER HENRY,MEM,20.0,38.0,19.0,19.0,13.9,4.3,1.7,4.2,40.6,0.1,0.4,11.8,0.9,1.4,63.5,0.2,0.7,1.0,0.5,0.3,0.3,0.1,1.3,7.0,0.0,0.0,-1.2,2010-2011,,,,,,,,,,,,,,,,,,,,,,,,,,SG,0.047,8.75,10.0,77.25,78.5,105.0,210.2,83.25,SG,11.1,,3.18,28.5,36.5,8.0,,,,,,,,,,,,,Lakers,2014-03-03,2014-04-06,34.0,activated from IL,,2014.0
