Player,Team,Year,Round Number,Round Pick
Zaccharie Risacher,Atlanta Hawks,2024,1,1
Alex Sarr,Washington Wizards,2024,1,2
Reed Sheppard,Houston Rockets,2024,1,3
Stephon Castle,San Antonio Spurs,2024,1,4
Ronald Holland II,Detroit Pistons,2024,1,5
Tidjane Salaün,Charlotte Hornets,2024,1,6
Donovan Clingan,Portland Trail Blazers,2024,1,7
Rob Dillingham,San Antonio Spurs,2024,1,8
Zach Edey,Memphis Grizzlies,2024,1,9
Cody Williams,Utah Jazz,2024,1,10
Matas Buzelis,Chicago Bulls,2024,1,11
Nikola Topić,Oklahoma City Thunder,2024,1,12
Devin Carter,Sacramento Kings,2024,1,13
Bub Carrington,Portland Trail Blazers,2024,1,14
Kel'el Ware,Miami Heat,2024,1,15
Jared McCain,Philadelphia 76ers,2024,1,16
Dalton Knecht,Los Angeles Lakers,2024,1,17
Tristan da Silva,Orlando Magic,2024,1,18
Ja'Kobe Walter,Toronto Raptors,2024,1,19
Jaylon Tyson,Cleveland Cavaliers,2024,1,20
Yves Missi,New Orleans Pelicans,2024,1,21
DaRon Holmes II,Phoenix Suns,2024,1,22
AJ Johnson,Milwaukee Bucks,2024,1,23
Kyshawn George,New York Knicks,2024,1,24
Pacôme Dadiet,New York Knicks,2024,1,25
Dillon Jones,Washington Wizards,2024,1,26
Terrence Shannon Jr.,Minnesota Timberwolves,2024,1,27
Ryan Dunn,Denver Nuggets,2024,1,28
Isaiah Collier,Utah Jazz,2024,1,29
Baylor Scheierman,Boston Celtics,2024,1,30
Jonathan Mogbo,Toronto Raptors,2024,2,1
Kyle Filipowski,Utah Jazz,2024,2,2
Tyler Smith,Milwaukee Bucks,2024,2,3
Tyler Kolek,Portland Trail Blazers,2024,2,4
Johnny Furphy,San Antonio Spurs,2024,2,5
Juan Nunez,Indiana Pacers,2024,2,6
Bobi Klintman,Minnesota Timberwolves,2024,2,7
Ajay Mitchell,New York Knicks,2024,2,8
Jaylen Wells,Memphis Grizzlies,2024,2,9
Oso Ighodaro,Portland Trail Blazers,2024,2,10
Adem Bona,Philadelphia 76ers,2024,2,11
KJ Simpson,Charlotte Hornets,2024,2,12
Nikola Djurisic,Miami Heat,2024,2,13
Pelle Larsson,Houston Rockets,2024,2,14
Jamal Shead,Sacramento Kings,2024,2,15
Cam Christie,LA Clippers,2024,2,16
Antonio Reeves,Orlando Magic,2024,2,17
Harrison Ingram,San Antonio Spurs,2024,2,18
Tristen Newton,Indiana Pacers,2024,2,19
Enrique Freeman,Indiana Pacers,2024,2,20
Victor Wembanyama,San Antonio Spurs,2023,1,1
Brandon Miller,Charlotte Hornets,2023,1,2
Scoot Henderson,Portland Trail Blazers,2023,1,3
Amen Thompson,Houston Rockets,2023,1,4
Ausar Thompson,Detroit Pistons,2023,1,5
Anthony Black,Orlando Magic,2023,1,6
Bilal Coulibaly,Indiana Pacers,2023,1,7
Jarace Walker,Washington Wizards,2023,1,8
Taylor Hendricks,Utah Jazz,2023,1,9
Cason Wallace,Dallas Mavericks,2023,1,10
Jett Howard,Orlando Magic,2023,1,11
Dereck Lively II,Oklahoma City Thunder,2023,1,12
Gradey Dick,Toronto Raptors,2023,1,13
Jordan Hawkins,New Orleans Pelicans,2023,1,14
Kobe Bufkin,Atlanta Hawks,2023,1,15
Keyonte George,Utah Jazz,2023,1,16
Jalen Hood-Schifino,Los Angeles Lakers,2023,1,17
Jaime Jaquez Jr.,Miami Heat,2023,1,18
Brandin Podziemski,Golden State Warriors,2023,1,19
Cam Whitmore,Houston Rockets,2023,1,20
Noah Clowney,Brooklyn Nets,2023,1,21
Dariq Whitehead,Brooklyn Nets,2023,1,22
Kris Murray,Portland Trail Blazers,2023,1,23
Olivier-Maxence Prosper,Sacramento Kings,2023,1,24
Marcus Sasser,Memphis Grizzlies,2023,1,25
Ben Sheppard,Indiana Pacers,2023,1,26
Nick Smith Jr.,Charlotte Hornets,2023,1,27
Brice Sensabaugh,Utah Jazz,2023,1,28
Julian Strawther,Indiana Pacers,2023,1,29
Kobe Brown,LA Clippers,2023,1,30
James Nnaji,Detroit Pistons,2023,2,1
Jalen Pickett,Indiana Pacers,2023,2,2
Leonard Miller,San Antonio Spurs,2023,2,3
Colby Jones,Charlotte Hornets,2023,2,4
Julian Phillips,Boston Celtics,2023,2,5
Andre Jackson Jr.,Orlando Magic,2023,2,6
Hunter Tyson,Oklahoma City Thunder,2023,2,7
Jordan Walsh,Sacramento Kings,2023,2,8
Mouhamed Gueye,Charlotte Hornets,2023,2,9
Maxwell Lewis,Denver Nuggets,2023,2,10
Amari Bailey,Charlotte Hornets,2023,2,11
Tristan Vukcevic,Washington Wizards,2023,2,12
Rayan Rupert,Portland Trail Blazers,2023,2,13
Sidy Cissoko,San Antonio Spurs,2023,2,14
GG Jackson,Memphis Grizzlies,2023,2,15
Seth Lundy,Atlanta Hawks,2023,2,16
Mojave King,Los Angeles Lakers,2023,2,17
Jordan Miller,LA Clippers,2023,2,18
Emoni Bates,Cleveland Cavaliers,2023,2,19
Keyontae Johnson,Oklahoma City Thunder,2023,2,20
Paolo Banchero,Orlando Magic,2022,1,1
Chet Holmgren,Oklahoma City Thunder,2022,1,2
Jabari Smith Jr.,Houston Rockets,2022,1,3
Keegan Murray,Sacramento Kings,2022,1,4
Jaden Ivey,Detroit Pistons,2022,1,5
Bennedict Mathurin,Indiana Pacers,2022,1,6
Shaedon Sharpe,Portland Trail Blazers,2022,1,7
Dyson Daniels,New Orleans Pelicans,2022,1,8
Jeremy Sochan,San Antonio Spurs,2022,1,9
Johnny Davis,Washington Wizards,2022,1,10
Ousmane Dieng,New York Knicks,2022,1,11
Jalen Williams,Oklahoma City Thunder,2022,1,12
Jalen Duren,Charlotte Hornets,2022,1,13
Ochai Agbaji,Cleveland Cavaliers,2022,1,14
Mark Williams,Charlotte Hornets,2022,1,15
AJ Griffin,Atlanta Hawks,2022,1,16
Tari Eason,Houston Rockets,2022,1,17
Dalen Terry,Chicago Bulls,2022,1,18
Jake LaRavia,Minnesota Timberwolves,2022,1,19
Malaki Branham,San Antonio Spurs,2022,1,20
Christian Braun,Denver Nuggets,2022,1,21
Walker Kessler,Memphis Grizzlies,2022,1,22
David Roddy,Philadelphia 76ers,2022,1,23
MarJon Beauchamp,Milwaukee Bucks,2022,1,24
Blake Wesley,San Antonio Spurs,2022,1,25
Wendell Moore Jr.,Dallas Mavericks,2022,1,26
Nikola Jović,Miami Heat,2022,1,27
Patrick Baldwin Jr.,Golden State Warriors,2022,1,28
TyTy Washington Jr.,Memphis Grizzlies,2022,1,29
Peyton Watson,Oklahoma City Thunder,2022,1,30
Andrew Nembhard,Indiana Pacers,2022,2,1
Caleb Houstan,Orlando Magic,2022,2,2
Christian Koloko,Toronto Raptors,2022,2,3
Jaylin Williams,Oklahoma City Thunder,2022,2,4
Max Christie,Los Angeles Lakers,2022,2,5
Gabriele Procida,Portland Trail Blazers,2022,2,6
Jaden Hardy,Sacramento Kings,2022,2,7
Kennedy Chandler,San Antonio Spurs,2022,2,8
Khalifa Diop,Cleveland Cavaliers,2022,2,9
Bryce McGowens,Minnesota Timberwolves,2022,2,10
E.J. Liddell,New Orleans Pelicans,2022,2,11
Trevor Keels,New York Knicks,2022,2,12
Moussa Diabaté,LA Clippers,2022,2,13
Ryan Rollins,Atlanta Hawks,2022,2,14
Josh Minott,Charlotte Hornets,2022,2,15
Ismael Kamagate,Detroit Pistons,2022,2,16
Vince Williams Jr.,Memphis Grizzlies,2022,2,17
Kendall Brown,Minnesota Timberwolves,2022,2,18
Isaiah Mobley,Cleveland Cavaliers,2022,2,19
Matteo Spagnolo,Minnesota Timberwolves,2022,2,20
Cade Cunningham,Detroit Pistons,2021,1,1
Jalen Green,Houston Rockets,2021,1,2
Evan Mobley,Cleveland Cavaliers,2021,1,3
Scottie Barnes,Toronto Raptors,2021,1,4
Jalen Suggs,Orlando Magic,2021,1,5
Josh Giddey,Oklahoma City Thunder,2021,1,6
Jonathan Kuminga,Golden State Warriors,2021,1,7
Franz Wagner,Orlando Magic,2021,1,8
Davion Mitchell,Sacramento Kings,2021,1,9
Ziaire Williams,New Orleans Pelicans,2021,1,10
James Bouknight,Charlotte Hornets,2021,1,11
Joshua Primo,San Antonio Spurs,2021,1,12
Chris Duarte,Indiana Pacers,2021,1,13
Moses Moody,Golden State Warriors,2021,1,14
Corey Kispert,Washington Wizards,2021,1,15
Alperen Sengun,Oklahoma City Thunder,2021,1,16
Trey Murphy III,Memphis Grizzlies,2021,1,17
Tre Mann,Oklahoma City Thunder,2021,1,18
Kai Jones,New York Knicks,2021,1,19
Jalen Johnson,Atlanta Hawks,2021,1,20
Keon Johnson,New York Knicks,2021,1,21
Isaiah Jackson,Los Angeles Lakers,2021,1,22
Usman Garuba,Houston Rockets,2021,1,23
Josh Christopher,Houston Rockets,2021,1,24
Quentin Grimes,LA Clippers,2021,1,25
Bones Hyland,Denver Nuggets,2021,1,26
Cam Thomas,Brooklyn Nets,2021,1,27
Jaden Springer,Philadelphia 76ers,2021,1,28
Day'Ron Sharpe,Phoenix Suns,2021,1,29
Santi Aldama,Utah Jazz,2021,1,30
Isaiah Todd,Milwaukee Bucks,2021,2,1
Jeremiah Robinson-Earl,New York Knicks,2021,2,2
Jason Preston,Orlando Magic,2021,2,3
Rokas Jokubaitis,Oklahoma City Thunder,2021,2,4
Herbert Jones,New Orleans Pelicans,2021,2,5
Miles McBride,Oklahoma City Thunder,2021,2,6
JT Thor,Detroit Pistons,2021,2,7
Ayo Dosunmu,Chicago Bulls,2021,2,8
Neemias Queta,Sacramento Kings,2021,2,9
Jared Butler,Sacramento Kings,2021,2,10
Joe Wieskamp,San Antonio Spurs,2021,2,11
Isaiah Livers,Detroit Pistons,2021,2,12
Greg Brown III,New Orleans Pelicans,2021,2,13
Kessler Edwards,Brooklyn Nets,2021,2,14
Juhann Begarin,Boston Celtics,2021,2,15
Dalano Banton,Toronto Raptors,2021,2,16
David Johnson,Toronto Raptors,2021,2,17
Sharife Cooper,Atlanta Hawks,2021,2,18
Marcus Zegarowski,Brooklyn Nets,2021,2,19
Filip Petrusev,Philadelphia 76ers,2021,2,20
Anthony Edwards,Minnesota Timberwolves,2020,1,1
James Wiseman,Golden State Warriors,2020,1,2
LaMelo Ball,Charlotte Hornets,2020,1,3
Patrick Williams,Chicago Bulls,2020,1,4
Isaac Okoro,Cleveland Cavaliers,2020,1,5
Onyeka Okongwu,Atlanta Hawks,2020,1,6
Killian Hayes,Detroit Pistons,2020,1,7
Obi Toppin,New York Knicks,2020,1,8
Deni Avdija,Washington Wizards,2020,1,9
Jalen Smith,Phoenix Suns,2020,1,10
Devin Vassell,San Antonio Spurs,2020,1,11
Tyrese Haliburton,Sacramento Kings,2020,1,12
Kira Lewis Jr.,New Orleans Pelicans,2020,1,13
Aaron Nesmith,Boston Celtics,2020,1,14
Cole Anthony,Orlando Magic,2020,1,15
Isaiah Stewart,Portland Trail Blazers,2020,1,16
Aleksej Pokusevski,Minnesota Timberwolves,2020,1,17
Josh Green,Dallas Mavericks,2020,1,18
Saddiq Bey,Brooklyn Nets,2020,1,19
Precious Achiuwa,Miami Heat,2020,1,20
Tyrese Maxey,Philadelphia 76ers,2020,1,21
Zeke Nnaji,Denver Nuggets,2020,1,22
Leandro Bolmaro,New York Knicks,2020,1,23
R.J. Hampton,Milwaukee Bucks,2020,1,24
Immanuel Quickley,Oklahoma City Thunder,2020,1,25
Payton Pritchard,Boston Celtics,2020,1,26
Udoka Azubuike,Utah Jazz,2020,1,27
Jaden McDaniels,Los Angeles Lakers,2020,1,28
Malachi Flynn,Toronto Raptors,2020,1,29
Desmond Bane,Boston Celtics,2020,1,30
Tyrell Terry,Dallas Mavericks,2020,2,1
Vernon Carey Jr.,Charlotte Hornets,2020,2,2
Daniel Oturu,Minnesota Timberwolves,2020,2,3
Theo Maledon,Philadelphia 76ers,2020,2,4
Xavier Tillman,Sacramento Kings,2020,2,5
Tyler Bey,Philadelphia 76ers,2020,2,6
Vít Krejčí,Washington Wizards,2020,2,7
Saben Lee,Utah Jazz,2020,2,8
Elijah Hughes,New Orleans Pelicans,2020,2,9
Robert Woodard II,Memphis Grizzlies,2020,2,10
Tre Jones,San Antonio Spurs,2020,2,11
Nick Richards,New Orleans Pelicans,2020,2,12
Jahmi'us Ramsey,Sacramento Kings,2020,2,13
Marko Simonovic,Chicago Bulls,2020,2,14
Jordan Nwora,Milwaukee Bucks,2020,2,15
CJ Elleby,Portland Trail Blazers,2020,2,16
Yam Madar,Boston Celtics,2020,2,17
Nico Mannion,Golden State Warriors,2020,2,18
Isaiah Joe,Philadelphia 76ers,2020,2,19
Skylar Mays,Atlanta Hawks,2020,2,20
Zion Williamson,New Orleans Pelicans,2019,1,1
Ja Morant,Memphis Grizzlies,2019,1,2
RJ Barrett,New York Knicks,2019,1,3
De'Andre Hunter,Los Angeles Lakers,2019,1,4
Darius Garland,Cleveland Cavaliers,2019,1,5
Jarrett Culver,Phoenix Suns,2019,1,6
Coby White,Chicago Bulls,2019,1,7
Jaxson Hayes,Atlanta Hawks,2019,1,8
Rui Hachimura,Washington Wizards,2019,1,9
Cam Reddish,Atlanta Hawks,2019,1,10
Cameron Johnson,Minnesota Timberwolves,2019,1,11
P.J. Washington,Charlotte Hornets,2019,1,12
Tyler Herro,Miami Heat,2019,1,13
Romeo Langford,Boston Celtics,2019,1,14
Sekou Doumbouya,Detroit Pistons,2019,1,15
Chuma Okeke,Orlando Magic,2019,1,16
Nickeil Alexander-Walker,Brooklyn Nets,2019,1,17
Goga Bitadze,Indiana Pacers,2019,1,18
Luka Samanic,San Antonio Spurs,2019,1,19
Matisse Thybulle,Boston Celtics,2019,1,20
Brandon Clarke,Oklahoma City Thunder,2019,1,21
Grant Williams,Boston Celtics,2019,1,22
Darius Bazley,Utah Jazz,2019,1,23
Ty Jerome,Philadelphia 76ers,2019,1,24
Nassir Little,Portland Trail Blazers,2019,1,25
Dylan Windler,Cleveland Cavaliers,2019,1,26
Mfiondu Kabengele,Brooklyn Nets,2019,1,27
Jordan Poole,Golden State Warriors,2019,1,28
Keldon Johnson,San Antonio Spurs,2019,1,29
Kevin Porter Jr.,Milwaukee Bucks,2019,1,30
Nic Claxton,Brooklyn Nets,2019,2,1
KZ Okpala,Phoenix Suns,2019,2,2
Carsen Edwards,Philadelphia 76ers,2019,2,3
Bruno Fernando,Philadelphia 76ers,2019,2,4
Didi Louzada,Atlanta Hawks,2019,2,5
Cody Martin,Charlotte Hornets,2019,2,6
Deividas Sirvydis,Dallas Mavericks,2019,2,7
Daniel Gafford,Chicago Bulls,2019,2,8
Alen Smailagic,New Orleans Pelicans,2019,2,9
Justin James,Sacramento Kings,2019,2,10
Eric Paschall,Golden State Warriors,2019,2,11
Admiral Schofield,Philadelphia 76ers,2019,2,12
Jaylen Nowell,Minnesota Timberwolves,2019,2,13
Bol Bol,Miami Heat,2019,2,14
Isaiah Roby,Detroit Pistons,2019,2,15
Talen Horton-Tucker,Orlando Magic,2019,2,16
Ignas Brazdeikis,Sacramento Kings,2019,2,17
Terance Mann,LA Clippers,2019,2,18
Quinndary Weatherspoon,San Antonio Spurs,2019,2,19
Jarrell Brantley,Indiana Pacers,2019,2,20
Deandre Ayton,Phoenix Suns,2018,1,1
Marvin Bagley III,Sacramento Kings,2018,1,2
Luka Dončić,Atlanta Hawks,2018,1,3
Jaren Jackson Jr.,Memphis Grizzlies,2018,1,4
Trae Young,Dallas Mavericks,2018,1,5
Mo Bamba,Orlando Magic,2018,1,6
Wendell Carter Jr.,Chicago Bulls,2018,1,7
Collin Sexton,Cleveland Cavaliers,2018,1,8
Kevin Knox II,New York Knicks,2018,1,9
Mikal Bridges,Philadelphia 76ers,2018,1,10
Shai Gilgeous-Alexander,Charlotte Hornets,2018,1,11
Miles Bridges,LA Clippers,2018,1,12
Jerome Robinson,LA Clippers,2018,1,13
Michael Porter Jr.,Denver Nuggets,2018,1,14
Troy Brown Jr.,Washington Wizards,2018,1,15
Zhaire Smith,Phoenix Suns,2018,1,16
Donte DiVincenzo,Milwaukee Bucks,2018,1,17
Lonnie Walker IV,San Antonio Spurs,2018,1,18
Kevin Huerter,Atlanta Hawks,2018,1,19
Josh Okogie,Minnesota Timberwolves,2018,1,20
Grayson Allen,Utah Jazz,2018,1,21
Chandler Hutchison,Chicago Bulls,2018,1,22
Aaron Holiday,Indiana Pacers,2018,1,23
Anfernee Simons,Portland Trail Blazers,2018,1,24
Moritz Wagner,Los Angeles Lakers,2018,1,25
Landry Shamet,Philadelphia 76ers,2018,1,26
Robert Williams III,Boston Celtics,2018,1,27
Jacob Evans,Golden State Warriors,2018,1,28
Dzanan Musa,Brooklyn Nets,2018,1,29
Omari Spellman,Atlanta Hawks,2018,1,30
Elie Okobo,Phoenix Suns,2018,2,1
Jevon Carter,Memphis Grizzlies,2018,2,2
Jalen Brunson,Dallas Mavericks,2018,2,3
Devonte' Graham,Atlanta Hawks,2018,2,4
Melvin Frazier Jr.,Orlando Magic,2018,2,5
Mitchell Robinson,New York Knicks,2018,2,6
Gary Trent Jr.,Sacramento Kings,2018,2,7
Khyri Thomas,Philadelphia 76ers,2018,2,8
Isaac Bonga,Philadelphia 76ers,2018,2,9
Rodions Kurucs,Brooklyn Nets,2018,2,10
Jarred Vanderbilt,Orlando Magic,2018,2,11
Bruce Brown,Detroit Pistons,2018,2,12
Justin Jackson,Denver Nuggets,2018,2,13
Issuf Sanon,Washington Wizards,2018,2,14
Hamidou Diallo,Brooklyn Nets,2018,2,15
De'Anthony Melton,Houston Rockets,2018,2,16
Svi Mykhailiuk,Los Angeles Lakers,2018,2,17
Keita Bates-Diop,Minnesota Timberwolves,2018,2,18
Chimezie Metu,Milwaukee Bucks,2018,2,19
Alize Johnson,Indiana Pacers,2018,2,20
Markelle Fultz,Philadelphia 76ers,2017,1,1
Lonzo Ball,Los Angeles Lakers,2017,1,2
Jayson Tatum,Boston Celtics,2017,1,3
Josh Jackson,Phoenix Suns,2017,1,4
De'Aaron Fox,Sacramento Kings,2017,1,5
Jonathan Isaac,Orlando Magic,2017,1,6
Lauri Markkanen,Minnesota Timberwolves,2017,1,7
Frank Ntilikina,New York Knicks,2017,1,8
Dennis Smith Jr.,Dallas Mavericks,2017,1,9
Zach Collins,Sacramento Kings,2017,1,10
Malik Monk,Charlotte Hornets,2017,1,11
Luke Kennard,Detroit Pistons,2017,1,12
Donovan Mitchell,Denver Nuggets,2017,1,13
Bam Adebayo,Miami Heat,2017,1,14
Justin Jackson,Portland Trail Blazers,2017,1,15
Justin Patton,Chicago Bulls,2017,1,16
D.J. Wilson,Milwaukee Bucks,2017,1,17
T.J. Leaf,Indiana Pacers,2017,1,18
John Collins,Atlanta Hawks,2017,1,19
Harry Giles III,Portland Trail Blazers,2017,1,20
Terrance Ferguson,Oklahoma City Thunder,2017,1,21
Jarrett Allen,Brooklyn Nets,2017,1,22
OG Anunoby,Toronto Raptors,2017,1,23
Tyler Lydon,Utah Jazz,2017,1,24
Anžejs Pasečņiks,Orlando Magic,2017,1,25
Caleb Swanigan,Portland Trail Blazers,2017,1,26
Kyle Kuzma,Brooklyn Nets,2017,1,27
Tony Bradley,Los Angeles Lakers,2017,1,28
Derrick White,San Antonio Spurs,2017,1,29
Josh Hart,Utah Jazz,2017,1,30
Frank Jackson,Charlotte Hornets,2017,2,1
Davon Reed,Phoenix Suns,2017,2,2
Wes Iwundu,Orlando Magic,2017,2,3
Frank Mason III,Sacramento Kings,2017,2,4
Ivan Rabb,Orlando Magic,2017,2,5
Jonah Bolden,Philadelphia 76ers,2017,2,6
Semi Ojeleye,Boston Celtics,2017,2,7
Jordan Bell,Chicago Bulls,2017,2,8
Jawun Evans,Philadelphia 76ers,2017,2,9
Dwayne Bacon,New Orleans Pelicans,2017,2,10
Tyler Dorsey,Atlanta Hawks,2017,2,11
Thomas Bryant,Utah Jazz,2017,2,12
Isaiah Hartenstein,Houston Rockets,2017,2,13
Damyean Dotson,New York Knicks,2017,2,14
Dillon Brooks,Houston Rockets,2017,2,15
Sterling Brown,Philadelphia 76ers,2017,2,16
Ike Anigbogu,Indiana Pacers,2017,2,17
Sindarius Thornwell,Milwaukee Bucks,2017,2,18
Vlatko Čančar,Denver Nuggets,2017,2,19
Mathias Lessort,Philadelphia 76ers,2017,2,20
Ben Simmons,Philadelphia 76ers,2016,1,1
Brandon Ingram,Los Angeles Lakers,2016,1,2
Jaylen Brown,Boston Celtics,2016,1,3
Dragan Bender,Phoenix Suns,2016,1,4
Kris Dunn,Minnesota Timberwolves,2016,1,5
Buddy Hield,New Orleans Pelicans,2016,1,6
Jamal Murray,Denver Nuggets,2016,1,7
Marquese Chriss,Phoenix Suns,2016,1,8
Jakob Poeltl,Toronto Raptors,2016,1,9
Thon Maker,Milwaukee Bucks,2016,1,10
Domantas Sabonis,Oklahoma City Thunder,2016,1,11
Taurean Prince,Utah Jazz,2016,1,12
Georgios Papagiannis,Sacramento Kings,2016,1,13
Denzel Valentine,Chicago Bulls,2016,1,14
Juancho Hernangomez,Denver Nuggets,2016,1,15
Guerschon Yabusele,Boston Celtics,2016,1,16
Wade Baldwin IV,Memphis Grizzlies,2016,1,17
Henry Ellenson,Detroit Pistons,2016,1,18
Malik Beasley,Denver Nuggets,2016,1,19
Caris LeVert,Indiana Pacers,2016,1,20
DeAndre' Bembry,Atlanta Hawks,2016,1,21
Malachi Richardson,Charlotte Hornets,2016,1,22
Ante Zizic,Boston Celtics,2016,1,23
Timothe Luwawu-Cabarrot,Philadelphia 76ers,2016,1,24
Brice Johnson,LA Clippers,2016,1,25
Furkan Korkmaz,Philadelphia 76ers,2016,1,26
Pascal Siakam,Toronto Raptors,2016,1,27
Skal Labissiere,Sacramento Kings,2016,1,28
Dejounte Murray,San Antonio Spurs,2016,1,29
Damian Jones,Golden State Warriors,2016,1,30
Deyonta Davis,Boston Celtics,2016,2,1
Ivica Zubac,Los Angeles Lakers,2016,2,2
Cheick Diallo,LA Clippers,2016,2,3
Tyler Ulis,Phoenix Suns,2016,2,4
Rade Zagorac,Boston Celtics,2016,2,5
Malcolm Brogdon,Milwaukee Bucks,2016,2,6
Chinanu Onuaku,Houston Rockets,2016,2,7
Patrick McCaw,Golden State Warriors,2016,2,8
David Michineau,New Orleans Pelicans,2016,2,9
Diamond Stone,New Orleans Pelicans,2016,2,10
Stephen Zimmerman,Orlando Magic,2016,2,11
Isaiah Whitehead,Brooklyn Nets,2016,2,12
Zhou Qi,Houston Rockets,2016,2,13
Isaia Cordinier,Atlanta Hawks,2016,2,14
Demetrius Jackson,Boston Celtics,2016,2,15
AJ Hammons,Dallas Mavericks,2016,2,16
Jake Layman,Orlando Magic,2016,2,17
Paul Zipser,Chicago Bulls,2016,2,18
Michael Gbinije,Detroit Pistons,2016,2,19
Georges Niang,Indiana Pacers,2016,2,20
Karl-Anthony Towns,Minnesota Timberwolves,2015,1,1
D'Angelo Russell,Los Angeles Lakers,2015,1,2
Jahlil Okafor,Philadelphia 76ers,2015,1,3
Kristaps Porziņģis,New York Knicks,2015,1,4
Mario Hezonja,Orlando Magic,2015,1,5
Willie Cauley-Stein,Sacramento Kings,2015,1,6
Emmanuel Mudiay,Denver Nuggets,2015,1,7
Stanley Johnson,Detroit Pistons,2015,1,8
Frank Kaminsky,Charlotte Hornets,2015,1,9
Justise Winslow,Miami Heat,2015,1,10
Myles Turner,Indiana Pacers,2015,1,11
Trey Lyles,Utah Jazz,2015,1,12
Devin Booker,Phoenix Suns,2015,1,13
Cameron Payne,Oklahoma City Thunder,2015,1,14
Kelly Oubre Jr.,Atlanta Hawks,2015,1,15
Terry Rozier,Boston Celtics,2015,1,16
Rashad Vaughn,Milwaukee Bucks,2015,1,17
Sam Dekker,Houston Rockets,2015,1,18
Jerian Grant,Washington Wizards,2015,1,19
Delon Wright,Toronto Raptors,2015,1,20
Justin Anderson,Dallas Mavericks,2015,1,21
Bobby Portis,Chicago Bulls,2015,1,22
Rondae Hollis-Jefferson,Portland Trail Blazers,2015,1,23
Tyus Jones,Cleveland Cavaliers,2015,1,24
Jarell Martin,Memphis Grizzlies,2015,1,25
Nikola Milutinov,San Antonio Spurs,2015,1,26
Larry Nance Jr.,Los Angeles Lakers,2015,1,27
RJ Hunter,Boston Celtics,2015,1,28
Chris McCullough,Brooklyn Nets,2015,1,29
Kevon Looney,Golden State Warriors,2015,1,30
Cedi Osman,Minnesota Timberwolves,2015,2,1
Montrezl Harrell,Houston Rockets,2015,2,2
Jordan Mickey,Boston Celtics,2015,2,3
Anthony Brown,Los Angeles Lakers,2015,2,4
Willy Hernangomez,Philadelphia 76ers,2015,2,5
Rakeem Christmas,Minnesota Timberwolves,2015,2,6
Richaun Holmes,Philadelphia 76ers,2015,2,7
Darrun Hilliard,Detroit Pistons,2015,2,8
Juan Pablo Vaulet,Charlotte Hornets,2015,2,9
Josh Richardson,Miami Heat,2015,2,10
Pat Connaughton,Brooklyn Nets,2015,2,11
Olivier Hanlan,Utah Jazz,2015,2,12
Joe Young,Indiana Pacers,2015,2,13
Andrew Harrison,Phoenix Suns,2015,2,14
Marcus Thornton,Boston Celtics,2015,2,15
Norman Powell,Milwaukee Bucks,2015,2,16
Arturas Gudaitis,Philadelphia 76ers,2015,2,17
Dakari Johnson,Oklahoma City Thunder,2015,2,18
Aaron White,Washington Wizards,2015,2,19
Marcus Eriksson,Atlanta Hawks,2015,2,20
Andrew Wiggins,Cleveland Cavaliers,2014,1,1
Jabari Parker,Milwaukee Bucks,2014,1,2
Joel Embiid,Philadelphia 76ers,2014,1,3
Aaron Gordon,Orlando Magic,2014,1,4
Danté Exum,Utah Jazz,2014,1,5
Marcus Smart,Boston Celtics,2014,1,6
Julius Randle,Los Angeles Lakers,2014,1,7
Nik Stauskas,Sacramento Kings,2014,1,8
Noah Vonleh,Charlotte Hornets,2014,1,9
Elfrid Payton,Philadelphia 76ers,2014,1,10
Doug McDermott,Denver Nuggets,2014,1,11
Dario Šarić,Orlando Magic,2014,1,12
Zach LaVine,Minnesota Timberwolves,2014,1,13
T.J. Warren,Phoenix Suns,2014,1,14
Adreian Payne,Atlanta Hawks,2014,1,15
Jusuf Nurkić,Chicago Bulls,2014,1,16
James Young,Boston Celtics,2014,1,17
Tyler Ennis,Phoenix Suns,2014,1,18
Gary Harris,Chicago Bulls,2014,1,19
Bruno Caboclo,Toronto Raptors,2014,1,20
Mitch McGary,Oklahoma City Thunder,2014,1,21
Jordan Adams,Memphis Grizzlies,2014,1,22
Rodney Hood,Utah Jazz,2014,1,23
Shabazz Napier,Charlotte Hornets,2014,1,24
Clint Capela,Houston Rockets,2014,1,25
PJ Hairston,Miami Heat,2014,1,26
Bogdan Bogdanović,Phoenix Suns,2014,1,27
C.J. Wilcox,Los Angeles Clippers,2014,1,28
Josh Huestis,Oklahoma City Thunder,2014,1,29
Kyle Anderson,San Antonio Spurs,2014,1,30
Damien Inglis,Milwaukee Bucks,2014,2,1
KJ McDaniels,Philadelphia 76ers,2014,2,2
Joe Harris,Cleveland Cavaliers,2014,2,3
Cleanthony Early,New York Knicks,2014,2,4
Jarnell Stokes,Utah Jazz,2014,2,5
Johnny O'Bryant III,Milwaukee Bucks,2014,2,6
DeAndre Daniels,Toronto Raptors,2014,2,7
Spencer Dinwiddie,Detroit Pistons,2014,2,8
Jerami Grant,Philadelphia 76ers,2014,2,9
Glenn Robinson III,Minnesota Timberwolves,2014,2,10
Nikola Jokić,Denver Nuggets,2014,2,11
Nick Johnson,Houston Rockets,2014,2,12
Edy Tavares,Atlanta Hawks,2014,2,13
Markel Brown,Minnesota Timberwolves,2014,2,14
Dwight Powell,Charlotte Hornets,2014,2,15
Jordan Clarkson,Washington Wizards,2014,2,16
Russ Smith,Philadelphia 76ers,2014,2,17
Lamar Patterson,Milwaukee Bucks,2014,2,18
Cameron Bairstow,Chicago Bulls,2014,2,19
Alec Brown,Phoenix Suns,2014,2,20
Anthony Bennett,Cleveland Cavaliers,2013,1,1
Victor Oladipo,Orlando Magic,2013,1,2
Otto Porter Jr.,Washington Wizards,2013,1,3
Cody Zeller,Charlotte Bobcats,2013,1,4
Alex Len,Phoenix Suns,2013,1,5
Nerlens Noel,New Orleans Pelicans,2013,1,6
Ben McLemore,Sacramento Kings,2013,1,7
Kentavious Caldwell-Pope,Detroit Pistons,2013,1,8
Trey Burke,Minnesota Timberwolves,2013,1,9
CJ McCollum,Portland Trail Blazers,2013,1,10
Michael Carter-Williams,Philadelphia 76ers,2013,1,11
Steven Adams,Oklahoma City Thunder,2013,1,12
Kelly Olynyk,Dallas Mavericks,2013,1,13
Shabazz Muhammad,Utah Jazz,2013,1,14
Giannis Antetokounmpo,Milwaukee Bucks,2013,1,15
Lucas Nogueira,Boston Celtics,2013,1,16
Dennis Schröder,Atlanta Hawks,2013,1,17
Shane Larkin,Atlanta Hawks,2013,1,18
Sergey Karasev,Cleveland Cavaliers,2013,1,19
Tony Snell,Chicago Bulls,2013,1,20
Gorgui Dieng,Utah Jazz,2013,1,21
Mason Plumlee,Brooklyn Nets,2013,1,22
Solomon Hill,Indiana Pacers,2013,1,23
Tim Hardaway Jr.,New York Knicks,2013,1,24
Reggie Bullock Jr.,Los Angeles Clippers,2013,1,25
Andre Roberson,Minnesota Timberwolves,2013,1,26
Rudy Gobert,Denver Nuggets,2013,1,27
Livio Jean-Charles,San Antonio Spurs,2013,1,28
Archie Goodwin,Oklahoma City Thunder,2013,1,29
Nemanja Nedovic,Phoenix Suns,2013,1,30
Allen Crabbe,Cleveland Cavaliers,2013,2,1
Alex Abrines,Oklahoma City Thunder,2013,2,2
Carrick Felix,Cleveland Cavaliers,2013,2,3
Isaiah Canaan,Houston Rockets,2013,2,4
Glen Rice,Philadelphia 76ers,2013,2,5
Ray McCallum,Sacramento Kings,2013,2,6
Tony Mitchell,Detroit Pistons,2013,2,7
Nate Wolters,Washington Wizards,2013,2,8
Jeff Withey,Portland Trail Blazers,2013,2,9
Grant Jerrett,Portland Trail Blazers,2013,2,10
Jamaal Franklin,Memphis Grizzlies,2013,2,11
Pierre Jackson,Philadelphia 76ers,2013,2,12
Ricky Ledo,Milwaukee Bucks,2013,2,13
Mike Muscala,Dallas Mavericks,2013,2,14
Marko Todorovic,Portland Trail Blazers,2013,2,15
Erick Green,Utah Jazz,2013,2,16
Raul Neto,Atlanta Hawks,2013,2,17
Ryan Kelly,Los Angeles Lakers,2013,2,18
Erik Murphy,Chicago Bulls,2013,2,19
James Ennis III,Atlanta Hawks,2013,2,20
Anthony Davis,New Orleans Hornets,2012,1,1
Michael Kidd-Gilchrist,Charlotte Bobcats,2012,1,2
Bradley Beal,Washington Wizards,2012,1,3
Dion Waiters,Cleveland Cavaliers,2012,1,4
Thomas Robinson,Sacramento Kings,2012,1,5
Damian Lillard,Portland Trail Blazers,2012,1,6
Harrison Barnes,Golden State Warriors,2012,1,7
Terrence Ross,Toronto Raptors,2012,1,8
Andre Drummond,Detroit Pistons,2012,1,9
Austin Rivers,New Orleans Hornets,2012,1,10
Meyers Leonard,Portland Trail Blazers,2012,1,11
Jeremy Lamb,Houston Rockets,2012,1,12
Kendall Marshall,Phoenix Suns,2012,1,13
John Henson,Milwaukee Bucks,2012,1,14
Maurice Harkless,Philadelphia 76ers,2012,1,15
Royce White,Houston Rockets,2012,1,16
Tyler Zeller,Dallas Mavericks,2012,1,17
Terrence Jones,Houston Rockets,2012,1,18
Andrew Nicholson,Orlando Magic,2012,1,19
Evan Fournier,Denver Nuggets,2012,1,20
Jared Sullinger,Boston Celtics,2012,1,21
Fab Melo,Boston Celtics,2012,1,22
John Jenkins,Atlanta Hawks,2012,1,23
Jared Cunningham,Cleveland Cavaliers,2012,1,24
Tony Wroten,Memphis Grizzlies,2012,1,25
Miles Plumlee,Indiana Pacers,2012,1,26
Arnett Moultrie,Miami Heat,2012,1,27
Perry Jones III,Oklahoma City Thunder,2012,1,28
Marquis Teague,Chicago Bulls,2012,1,29
Festus Ezeli,Golden State Warriors,2012,1,30
Jeffery Taylor,Charlotte Bobcats,2012,2,1
Tomas Satoransky,Washington Wizards,2012,2,2
Bernard James,Cleveland Cavaliers,2012,2,3
Jae Crowder,Cleveland Cavaliers,2012,2,4
Draymond Green,Golden State Warriors,2012,2,5
Orlando Johnson,Sacramento Kings,2012,2,6
Quincy Acy,Toronto Raptors,2012,2,7
Quincy Miller,Denver Nuggets,2012,2,8
Khris Middleton,Detroit Pistons,2012,2,9
Will Barton,Portland Trail Blazers,2012,2,10
Tyshawn Taylor,Portland Trail Blazers,2012,2,11
Doron Lamb,Milwaukee Bucks,2012,2,12
Mike Scott,Atlanta Hawks,2012,2,13
Kim English,Detroit Pistons,2012,2,14
Justin Hamilton,Philadelphia 76ers,2012,2,15
Darius Miller,New Orleans Hornets,2012,2,16
Kevin Murphy,Utah Jazz,2012,2,17
Kostas Papanikolaou,New York Knicks,2012,2,18
Kyle O'Quinn,Orlando Magic,2012,2,19
Izzet Turkyilmaz,Denver Nuggets,2012,2,20
Kyrie Irving,Cleveland Cavaliers,2011,1,1
Derrick Williams,Minnesota Timberwolves,2011,1,2
Enes Freedom,Utah Jazz,2011,1,3
Tristan Thompson,Cleveland Cavaliers,2011,1,4
Jonas Valančiūnas,Toronto Raptors,2011,1,5
Jan Vesely,Washington Wizards,2011,1,6
Bismack Biyombo,Sacramento Kings,2011,1,7
Brandon Knight,Detroit Pistons,2011,1,8
Kemba Walker,Charlotte Bobcats,2011,1,9
Jimmer Fredette,Milwaukee Bucks,2011,1,10
Klay Thompson,Golden State Warriors,2011,1,11
Alec Burks,Utah Jazz,2011,1,12
Markieff Morris,Phoenix Suns,2011,1,13
Marcus Morris Sr.,Houston Rockets,2011,1,14
Kawhi Leonard,Indiana Pacers,2011,1,15
Nikola Vučević,Philadelphia 76ers,2011,1,16
Iman Shumpert,New York Knicks,2011,1,17
Chris Singleton,Washington Wizards,2011,1,18
Tobias Harris,Charlotte Bobcats,2011,1,19
Donatas Motiejunas,Minnesota Timberwolves,2011,1,20
Nolan Smith,Portland Trail Blazers,2011,1,21
Kenneth Faried,Denver Nuggets,2011,1,22
Nikola Mirotic,Houston Rockets,2011,1,23
Reggie Jackson,Oklahoma City Thunder,2011,1,24
MarShon Brooks,Boston Celtics,2011,1,25
Jordan Hamilton,Dallas Mavericks,2011,1,26
JaJuan Johnson,New Jersey Nets,2011,1,27
Norris Cole,Chicago Bulls,2011,1,28
Cory Joseph,San Antonio Spurs,2011,1,29
Jimmy Butler III,Chicago Bulls,2011,1,30
Bojan Bogdanović,Miami Heat,2011,2,1
Justin Harper,Cleveland Cavaliers,2011,2,2
Kyle Singler,Detroit Pistons,2011,2,3
Shelvin Mack,Washington Wizards,2011,2,4
Tyler Honeycutt,Sacramento Kings,2011,2,5
Jordan Williams,New Jersey Nets,2011,2,6
Trey Thompkins,Los Angeles Clippers,2011,2,7
Chandler Parsons,Houston Rockets,2011,2,8
Jeremy Tyler,Charlotte Bobcats,2011,2,9
Jon Leuer,Milwaukee Bucks,2011,2,10
Darius Morris,Los Angeles Lakers,2011,2,11
Dāvis Bertāns,Indiana Pacers,2011,2,12
Malcolm Lee,Chicago Bulls,2011,2,13
Charles Jenkins,Golden State Warriors,2011,2,14
Josh Harrellson,New Orleans Hornets,2011,2,15
Andrew Goudelock,Los Angeles Lakers,2011,2,16
Travis Leslie,Los Angeles Clippers,2011,2,17
Keith Benson,Atlanta Hawks,2011,2,18
Josh Selby,Memphis Grizzlies,2011,2,19
Lavoy Allen,Philadelphia 76ers,2011,2,20
John Wall,Washington Wizards,2010,1,1
Evan Turner,Philadelphia 76ers,2010,1,2
Derrick Favors,New Jersey Nets,2010,1,3
Wesley Johnson,Minnesota Timberwolves,2010,1,4
DeMarcus Cousins,Sacramento Kings,2010,1,5
Ekpe Udoh,Golden State Warriors,2010,1,6
Greg Monroe,Detroit Pistons,2010,1,7
Al-Farouq Aminu,Los Angeles Clippers,2010,1,8
Gordon Hayward,Utah Jazz,2010,1,9
Paul George,Indiana Pacers,2010,1,10
Cole Aldrich,New Orleans Hornets,2010,1,11
Xavier Henry,Memphis Grizzlies,2010,1,12
Ed Davis,Toronto Raptors,2010,1,13
Patrick Patterson,Houston Rockets,2010,1,14
Larry Sanders,Milwaukee Bucks,2010,1,15
Luke Babbitt,Minnesota Timberwolves,2010,1,16
Kevin Seraphin,Chicago Bulls,2010,1,17
Eric Bledsoe,Oklahoma City Thunder,2010,1,18
Avery Bradley,Boston Celtics,2010,1,19
James Anderson,San Antonio Spurs,2010,1,20
Craig Brackins,Oklahoma City Thunder,2010,1,21
Elliot Williams,Portland Trail Blazers,2010,1,22
Trevor Booker,Minnesota Timberwolves,2010,1,23
Damion James,Atlanta Hawks,2010,1,24
Dominique Jones,Memphis Grizzlies,2010,1,25
Quincy Pondexter,Oklahoma City Thunder,2010,1,26
Jordan Crawford,New Jersey Nets,2010,1,27
Greivis Vasquez,Memphis Grizzlies,2010,1,28
Daniel Orton,Orlando Magic,2010,1,29
Lazar Hayward,Washington Wizards,2010,1,30
Tibor Pleiss,New Jersey Nets,2010,2,1
Dexter Pittman,Miami Heat,2010,2,2
Hassan Whiteside,Sacramento Kings,2010,2,3
Armon Johnson,Portland Trail Blazers,2010,2,4
Nemanja Bjelica,Washington Wizards,2010,2,5
Terrico White,Detroit Pistons,2010,2,6
Darington Hobson,Milwaukee Bucks,2010,2,7
Andy Rautins,New York Knicks,2010,2,8
Landry Fields,New York Knicks,2010,2,9
Lance Stephenson,Indiana Pacers,2010,2,10
Jarvis Varnado,Miami Heat,2010,2,11
Da'Sean Butler,Miami Heat,2010,2,12
Devin Ebanks,Los Angeles Lakers,2010,2,13
Jerome Jordan,Milwaukee Bucks,2010,2,14
Paulao Prestes,Minnesota Timberwolves,2010,2,15
Gani Lawal,Phoenix Suns,2010,2,16
Tiny Gallon,Milwaukee Bucks,2010,2,17
Latavious Williams,Miami Heat,2010,2,18
Ryan Richards,San Antonio Spurs,2010,2,19
Solomon Alabi,Dallas Mavericks,2010,2,20
Blake Griffin,Los Angeles Clippers,2009,1,1
Hasheem Thabeet,Memphis Grizzlies,2009,1,2
James Harden,Oklahoma City Thunder,2009,1,3
Tyreke Evans,Sacramento Kings,2009,1,4
Ricky Rubio,Minnesota Timberwolves,2009,1,5
Jonny Flynn,Minnesota Timberwolves,2009,1,6
Stephen Curry,Golden State Warriors,2009,1,7
Jordan Hill,New York Knicks,2009,1,8
DeMar DeRozan,Toronto Raptors,2009,1,9
Brandon Jennings,Milwaukee Bucks,2009,1,10
Terrence Williams,New Jersey Nets,2009,1,11
Gerald Henderson,Charlotte Bobcats,2009,1,12
Tyler Hansbrough,Indiana Pacers,2009,1,13
Earl Clark,Phoenix Suns,2009,1,14
Austin Daye,Detroit Pistons,2009,1,15
James Johnson,Chicago Bulls,2009,1,16
Jrue Holiday,Philadelphia 76ers,2009,1,17
Ty Lawson,Minnesota Timberwolves,2009,1,18
Jeff Teague,Atlanta Hawks,2009,1,19
Eric Maynor,Utah Jazz,2009,1,20
Darren Collison,New Orleans Hornets,2009,1,21
Victor Claver,Portland Trail Blazers,2009,1,22
Omri Casspi,Sacramento Kings,2009,1,23
Byron Mullens,Dallas Mavericks,2009,1,24
Rodrigue Beaubois,Oklahoma City Thunder,2009,1,25
Taj Gibson,Chicago Bulls,2009,1,26
DeMarre Carroll,Memphis Grizzlies,2009,1,27
Wayne Ellington,Minnesota Timberwolves,2009,1,28
Toney Douglas,Los Angeles Lakers,2009,1,29
Christian Eyenga,Cleveland Cavaliers,2009,1,30
Jeff Ayres,Sacramento Kings,2009,2,1
Jermaine Taylor,Washington Wizards,2009,2,2
Dante Cunningham,Portland Trail Blazers,2009,2,3
Sergio Llull,Denver Nuggets,2009,2,4
DaJuan Summers,Detroit Pistons,2009,2,5
Sam Young,Memphis Grizzlies,2009,2,6
DeJuan Blair,San Antonio Spurs,2009,2,7
Jon Brockman,Portland Trail Blazers,2009,2,8
Jonas Jerebko,Detroit Pistons,2009,2,9
Derrick Brown,Charlotte Bobcats,2009,2,10
Jodie Meeks,Milwaukee Bucks,2009,2,11
Patrick Beverley,Los Angeles Lakers,2009,2,12
Marcus Thornton,Miami Heat,2009,2,13
Chase Budinger,Detroit Pistons,2009,2,14
Nick Calathes,Minnesota Timberwolves,2009,2,15
Danny Green,Cleveland Cavaliers,2009,2,16
Henk Norel,Minnesota Timberwolves,2009,2,17
Taylor Griffin,Phoenix Suns,2009,2,18
Sergiy Gladyr,Atlanta Hawks,2009,2,19
Goran Suton,Utah Jazz,2009,2,20
Derrick Rose,Chicago Bulls,2008,1,1
Michael Beasley,Miami Heat,2008,1,2
O.J. Mayo,Minnesota Timberwolves,2008,1,3
Russell Westbrook,Oklahoma City Thunder,2008,1,4
Kevin Love,Memphis Grizzlies,2008,1,5
Danilo Gallinari,New York Knicks,2008,1,6
Eric Gordon,Los Angeles Clippers,2008,1,7
Joe Alexander,Milwaukee Bucks,2008,1,8
D.J. Augustin,Charlotte Bobcats,2008,1,9
Brook Lopez,New Jersey Nets,2008,1,10
Jerryd Bayless,Indiana Pacers,2008,1,11
Jason Thompson,Sacramento Kings,2008,1,12
Brandon Rush,Portland Trail Blazers,2008,1,13
Anthony Randolph,Golden State Warriors,2008,1,14
Robin Lopez,Phoenix Suns,2008,1,15
Marreese Speights,Philadelphia 76ers,2008,1,16
Roy Hibbert,Toronto Raptors,2008,1,17
JaVale McGee,Washington Wizards,2008,1,18
JJ Hickson,Cleveland Cavaliers,2008,1,19
Alexis Ajinca,Charlotte Bobcats,2008,1,20
Ryan Anderson,New Jersey Nets,2008,1,21
Courtney Lee,Orlando Magic,2008,1,22
Kosta Koufos,Utah Jazz,2008,1,23
Serge Ibaka,Oklahoma City Thunder,2008,1,24
Nicolas Batum,Houston Rockets,2008,1,25
George Hill,San Antonio Spurs,2008,1,26
Darrell Arthur,New Orleans Hornets,2008,1,27
Donte Greene,Memphis Grizzlies,2008,1,28
DJ White,Detroit Pistons,2008,1,29
J.R. Giddens,Boston Celtics,2008,1,30
Nikola Pekovic,Minnesota Timberwolves,2008,2,1
Walter Sharpe,Oklahoma City Thunder,2008,2,2
Joey Dorsey,Portland Trail Blazers,2008,2,3
Mario Chalmers,Minnesota Timberwolves,2008,2,4
DeAndre Jordan,Los Angeles Clippers,2008,2,5
Omer Asik,Portland Trail Blazers,2008,2,6
Luc Mbah a Moute,Milwaukee Bucks,2008,2,7
Kyle Weaver,Charlotte Bobcats,2008,2,8
Sonny Weems,Chicago Bulls,2008,2,9
Chris Douglas-Roberts,New Jersey Nets,2008,2,10
Nathan Jawai,Indiana Pacers,2008,2,11
Sean Singletary,Sacramento Kings,2008,2,12
Patrick Ewing,Sacramento Kings,2008,2,13
Ante Tomic,Utah Jazz,2008,2,14
Goran Dragic,San Antonio Spurs,2008,2,15
Trent Plaisted,Oklahoma City Thunder,2008,2,16
Henry Walker,Washington Wizards,2008,2,17
Malik Hairston,Phoenix Suns,2008,2,18
Richard Hendrix,Golden State Warriors,2008,2,19
DeVon Hardin,Oklahoma City Thunder,2008,2,20
Greg Oden,Portland Trail Blazers,2007,1,1
Kevin Durant,Seattle SuperSonics,2007,1,2
Al Horford,Atlanta Hawks,2007,1,3
Mike Conley,Memphis Grizzlies,2007,1,4
Jeff Green,Boston Celtics,2007,1,5
Yi Jianlian,Milwaukee Bucks,2007,1,6
Corey Brewer,Minnesota Timberwolves,2007,1,7
Brandan Wright,Charlotte Bobcats,2007,1,8
Joakim Noah,Chicago Bulls,2007,1,9
Spencer Hawes,Sacramento Kings,2007,1,10
Acie Law,Atlanta Hawks,2007,1,11
Thaddeus Young,Philadelphia 76ers,2007,1,12
Julian Wright,New Orleans Hornets,2007,1,13
Al Thornton,Los Angeles Clippers,2007,1,14
Rodney Stuckey,Detroit Pistons,2007,1,15
Nick Young,Washington Wizards,2007,1,16
Sean Williams,New Jersey Nets,2007,1,17
Marco Belinelli,Golden State Warriors,2007,1,18
Javaris Crittenton,Los Angeles Lakers,2007,1,19
Jason Smith,Miami Heat,2007,1,20
Daequan Cook,Philadelphia 76ers,2007,1,21
Jared Dudley,Charlotte Bobcats,2007,1,22
Wilson Chandler,New York Knicks,2007,1,23
Rudy Fernandez,Phoenix Suns,2007,1,24
Morris Almond,Utah Jazz,2007,1,25
Aaron Brooks,Houston Rockets,2007,1,26
Arron Afflalo,Detroit Pistons,2007,1,27
Tiago Splitter,San Antonio Spurs,2007,1,28
Alando Tucker,Phoenix Suns,2007,1,29
Petteri Koponen,Philadelphia 76ers,2007,1,30
Carl Landry,Seattle SuperSonics,2007,2,1
Gabe Pruitt,Boston Celtics,2007,2,2
Marcus Williams,San Antonio Spurs,2007,2,3
Nick Fazekas,Dallas Mavericks,2007,2,4
Glen Davis,Seattle SuperSonics,2007,2,5
Jermareo Davidson,Golden State Warriors,2007,2,6
Josh McRoberts,Portland Trail Blazers,2007,2,7
Kyrylo Fesenko,Philadelphia 76ers,2007,2,8
Stanko Barac,Miami Heat,2007,2,9
Sun Sun,Los Angeles Lakers,2007,2,10
Chris Richard,Minnesota Timberwolves,2007,2,11
Derrick Byars,Portland Trail Blazers,2007,2,12
Adam Haluska,New Orleans Hornets,2007,2,13
Reyshawn Terry,Orlando Magic,2007,2,14
Jared Jordan,Los Angeles Clippers,2007,2,15
Stephane Lasme,Golden State Warriors,2007,2,16
Dominic McGuire,Washington Wizards,2007,2,17
Marc Gasol,Los Angeles Lakers,2007,2,18
Aaron Gray,Chicago Bulls,2007,2,19
Renaldas Seibutis,Dallas Mavericks,2007,2,20
Andrea Bargnani,Toronto Raptors,2006,1,1
LaMarcus Aldridge,Chicago Bulls,2006,1,2
Adam Morrison,Charlotte Bobcats,2006,1,3
Tyrus Thomas,Portland Trail Blazers,2006,1,4
Shelden Williams,Atlanta Hawks,2006,1,5
Brandon Roy,Minnesota Timberwolves,2006,1,6
Randy Foye,Boston Celtics,2006,1,7
Rudy Gay,Houston Rockets,2006,1,8
Patrick O'Bryant,Golden State Warriors,2006,1,9
Mouhamed Sene,Seattle SuperSonics,2006,1,10
JJ Redick,Orlando Magic,2006,1,11
Hilton Armstrong,New Orleans/Oklahoma City Hornets,2006,1,12
Thabo Sefolosha,Philadelphia 76ers,2006,1,13
Ronnie Brewer,Utah Jazz,2006,1,14
Cedric Simmons,New Orleans/Oklahoma City Hornets,2006,1,15
Rodney Carney,Chicago Bulls,2006,1,16
Shawne Williams,Indiana Pacers,2006,1,17
Oleksiy Pecherov,Washington Wizards,2006,1,18
Quincy Douby,Sacramento Kings,2006,1,19
Renaldo Balkman,New York Knicks,2006,1,20
Rajon Rondo,Phoenix Suns,2006,1,21
Marcus Williams,New Jersey Nets,2006,1,22
Josh Boone,New Jersey Nets,2006,1,23
Kyle Lowry,Memphis Grizzlies,2006,1,24
Shannon Brown,Cleveland Cavaliers,2006,1,25
Jordan Farmar,Los Angeles Lakers,2006,1,26
Sergio Rodriguez,Phoenix Suns,2006,1,27
Maurice Ager,Dallas Mavericks,2006,1,28
Mardy Collins,New York Knicks,2006,1,29
Joel Freeland,Portland Trail Blazers,2006,1,30
James White,Portland Trail Blazers,2006,2,1
Steve Novak,Houston Rockets,2006,2,2
Solomon Jones,Atlanta Hawks,2006,2,3
Paul Davis,Los Angeles Clippers,2006,2,4
P.J. Tucker,Toronto Raptors,2006,2,5
Craig Smith,Minnesota Timberwolves,2006,2,6
Bobby Jones,Minnesota Timberwolves,2006,2,7
Kosta Perovic,Golden State Warriors,2006,2,8
David Noel,Milwaukee Bucks,2006,2,9
Denham Brown,Seattle SuperSonics,2006,2,10
James Augustine,Orlando Magic,2006,2,11
Daniel Gibson,Cleveland Cavaliers,2006,2,12
Marcus Vinicius,New Orleans/Oklahoma City Hornets,2006,2,13
Lior Eliyahu,Orlando Magic,2006,2,14
Alexander Johnson,Indiana Pacers,2006,2,15
Dee Brown,Utah Jazz,2006,2,16
Paul Millsap,Utah Jazz,2006,2,17
Vladimir Veremeenko,Washington Wizards,2006,2,18
Leon Powe,Denver Nuggets,2006,2,19
Ryan Hollins,Charlotte Bobcats,2006,2,20
Andrew Bogut,Milwaukee Bucks,2005,1,1
Marvin Williams,Atlanta Hawks,2005,1,2
Deron Williams,Utah Jazz,2005,1,3
Chris Paul,New Orleans/Oklahoma City Hornets,2005,1,4
Raymond Felton,Charlotte Bobcats,2005,1,5
Martell Webster,Portland Trail Blazers,2005,1,6
Charlie Villanueva,Toronto Raptors,2005,1,7
Channing Frye,New York Knicks,2005,1,8
Ike Diogu,Golden State Warriors,2005,1,9
Andrew Bynum,Los Angeles Lakers,2005,1,10
Fran Vazquez,Orlando Magic,2005,1,11
Yaroslav Korolev,Los Angeles Clippers,2005,1,12
Sean May,Charlotte Bobcats,2005,1,13
Rashad McCants,Minnesota Timberwolves,2005,1,14
Antoine Wright,New Jersey Nets,2005,1,15
Joey Graham,Toronto Raptors,2005,1,16
Danny Granger,Indiana Pacers,2005,1,17
Gerald Green,Boston Celtics,2005,1,18
Hakim Warrick,Memphis Grizzlies,2005,1,19
Julius Hodge,Denver Nuggets,2005,1,20
Nate Robinson,Phoenix Suns,2005,1,21
Jarrett Jack,Denver Nuggets,2005,1,22
Francisco Garcia,Sacramento Kings,2005,1,23
Luther Head,Houston Rockets,2005,1,24
Johan Petro,Seattle SuperSonics,2005,1,25
Jason Maxiell,Detroit Pistons,2005,1,26
Linas Kleiza,Portland Trail Blazers,2005,1,27
Ian Mahinmi,San Antonio Spurs,2005,1,28
Wayne Simien,Miami Heat,2005,1,29
David Lee,New York Knicks,2005,1,30
Salim Stoudamire,Atlanta Hawks,2005,2,1
Daniel Ewing,Los Angeles Clippers,2005,2,2
Brandon Bass,New Orleans/Oklahoma City Hornets,2005,2,3
CJ Miles,Utah Jazz,2005,2,4
Ricky Sanchez,Portland Trail Blazers,2005,2,5
Ersan Ilyasova,Milwaukee Bucks,2005,2,6
Ronny Turiaf,Los Angeles Lakers,2005,2,7
Travis Diener,Orlando Magic,2005,2,8
Von Wafer,Los Angeles Lakers,2005,2,9
Monta Ellis,Golden State Warriors,2005,2,10
Roko Ukic,Toronto Raptors,2005,2,11
Chris Taft,Golden State Warriors,2005,2,12
Mile Ilic,New Jersey Nets,2005,2,13
Martynas Andriuskevicius,Orlando Magic,2005,2,14
Lou Williams,Philadelphia 76ers,2005,2,15
Erazem Lorbek,Indiana Pacers,2005,2,16
Bracey Wright,Minnesota Timberwolves,2005,2,17
Mickael Gelabale,Seattle SuperSonics,2005,2,18
Andray Blatche,Washington Wizards,2005,2,19
Ryan Gomes,Boston Celtics,2005,2,20
Dwight Howard,Orlando Magic,2004,1,1
Emeka Okafor,Charlotte Bobcats,2004,1,2
Ben Gordon,Chicago Bulls,2004,1,3
Shaun Livingston,Los Angeles Clippers,2004,1,4
Devin Harris,Washington Wizards,2004,1,5
Josh Childress,Atlanta Hawks,2004,1,6
Luol Deng,Phoenix Suns,2004,1,7
Rafael Araujo,Toronto Raptors,2004,1,8
Andre Iguodala,Philadelphia 76ers,2004,1,9
Luke Jackson,Cleveland Cavaliers,2004,1,10
Andris Biedrins,Golden State Warriors,2004,1,11
Robert Swift,Seattle SuperSonics,2004,1,12
Sebastian Telfair,Portland Trail Blazers,2004,1,13
Kris Humphries,Utah Jazz,2004,1,14
Al Jefferson,Boston Celtics,2004,1,15
Kirk Snyder,Utah Jazz,2004,1,16
Josh Smith,Atlanta Hawks,2004,1,17
JR Smith,New Orleans Hornets,2004,1,18
Dorell Wright,Miami Heat,2004,1,19
Jameer Nelson,Denver Nuggets,2004,1,20
Pavel Podkolzin,Utah Jazz,2004,1,21
Viktor Khryapa,New Jersey Nets,2004,1,22
Sergei Monia,Portland Trail Blazers,2004,1,23
Delonte West,Boston Celtics,2004,1,24
Tony Allen,Boston Celtics,2004,1,25
Kevin Martin,Sacramento Kings,2004,1,26
Sasha Vujacic,Los Angeles Lakers,2004,1,27
Beno Udrih,San Antonio Spurs,2004,1,28
David Harrison,Indiana Pacers,2004,1,29
Anderson Varejao,Orlando Magic,2004,2,1
Jackson Vroman,Chicago Bulls,2004,2,2
Peter John Ramos,Washington Wizards,2004,2,3
Lionel Chalmers,Los Angeles Clippers,2004,2,4
Donta Smith,Atlanta Hawks,2004,2,5
Andre Emmett,Seattle SuperSonics,2004,2,6
Antonio Burks,Orlando Magic,2004,2,7
Royal Ivey,Atlanta Hawks,2004,2,8
Chris Duhon,Chicago Bulls,2004,2,9
Albert Miralles,Toronto Raptors,2004,2,10
Justin Reed,Boston Celtics,2004,2,11
David Young,Seattle SuperSonics,2004,2,12
Viktor Sanikidze,Atlanta Hawks,2004,2,13
Trevor Ariza,New York Knicks,2004,2,14
Tim Pickett,New Orleans Hornets,2004,2,15
Bernard Robinson,Charlotte Bobcats,2004,2,16
Ha Ha,Portland Trail Blazers,2004,2,17
Pape Sow,Miami Heat,2004,2,18
Ricky Minard,Sacramento Kings,2004,2,19
Sergei Lishouk,Memphis Grizzlies,2004,2,20
Vassilis Spanoulis,Dallas Mavericks,2004,2,21
LeBron James,Cleveland Cavaliers,2003,1,1
Darko Milicic,Detroit Pistons,2003,1,2
Carmelo Anthony,Denver Nuggets,2003,1,3
Chris Bosh,Toronto Raptors,2003,1,4
Dwyane Wade,Miami Heat,2003,1,5
Chris Kaman,Los Angeles Clippers,2003,1,6
Kirk Hinrich,Chicago Bulls,2003,1,7
T.J. Ford,Milwaukee Bucks,2003,1,8
Michael Sweetney,New York Knicks,2003,1,9
Jarvis Hayes,Washington Wizards,2003,1,10
Mickael Pietrus,Golden State Warriors,2003,1,11
Nick Collison,Seattle SuperSonics,2003,1,12
Marcus Banks,Memphis Grizzlies,2003,1,13
Luke Ridnour,Seattle SuperSonics,2003,1,14
Reece Gaines,Orlando Magic,2003,1,15
Troy Bell,Boston Celtics,2003,1,16
Zarko Cabarkapa,Phoenix Suns,2003,1,17
David West,New Orleans Hornets,2003,1,18
Sasha Pavlovic,Utah Jazz,2003,1,19
Dahntay Jones,Boston Celtics,2003,1,20
Boris Diaw,Atlanta Hawks,2003,1,21
Zoran Planinic,New Jersey Nets,2003,1,22
Travis Outlaw,Portland Trail Blazers,2003,1,23
Brian Cook,Los Angeles Lakers,2003,1,24
Carlos Delfino,Detroit Pistons,2003,1,25
Ndudi Ebi,Minnesota Timberwolves,2003,1,26
Kendrick Perkins,Memphis Grizzlies,2003,1,27
Leandro Barbosa,San Antonio Spurs,2003,1,28
Josh Howard,Dallas Mavericks,2003,1,29
Maciej Lampe,New York Knicks,2003,2,1
Jason Kapono,Cleveland Cavaliers,2003,2,2
Luke Walton,Los Angeles Lakers,2003,2,3
Jerome Beasley,Miami Heat,2003,2,4
Sofoklis Schortsanitis,Los Angeles Clippers,2003,2,5
Szymon Szewczyk,Milwaukee Bucks,2003,2,6
Mario Austin,Chicago Bulls,2003,2,7
Travis Hansen,Atlanta Hawks,2003,2,8
Steve Blake,Washington Wizards,2003,2,9
Slavko Vranes,New York Knicks,2003,2,10
Derrick Zimmerman,Golden State Warriors,2003,2,11
Willie Green,Seattle SuperSonics,2003,2,12
Zaza Pachulia,Orlando Magic,2003,2,13
Keith Bogans,Milwaukee Bucks,2003,2,14
Malick Badiane,Houston Rockets,2003,2,15
Matt Bonner,Chicago Bulls,2003,2,16
Sani Becirovic,Denver Nuggets,2003,2,17
Mo Williams,Utah Jazz,2003,2,18
James Lang,New Orleans Hornets,2003,2,19
James Jones,Indiana Pacers,2003,2,20
Paccelis Morlende,Philadelphia 76ers,2003,2,21
Yao Ming,Houston Rockets,2002,1,1
Jay Williams,Chicago Bulls,2002,1,2
Mike Dunleavy,Golden State Warriors,2002,1,3
Drew Gooden,Memphis Grizzlies,2002,1,4
Nikoloz Tskitishvili,Denver Nuggets,2002,1,5
Dajuan Wagner,Cleveland Cavaliers,2002,1,6
Nene,New York Knicks,2002,1,7
Chris Wilcox,Los Angeles Clippers,2002,1,8
Amar'e Stoudemire,Phoenix Suns,2002,1,9
Caron Butler,Miami Heat,2002,1,10
Jared Jeffries,Washington Wizards,2002,1,11
Melvin Ely,Los Angeles Clippers,2002,1,12
Marcus Haislip,Milwaukee Bucks,2002,1,13
Fred Jones,Indiana Pacers,2002,1,14
Bostjan Nachbar,Houston Rockets,2002,1,15
Jiri Welsch,Philadelphia 76ers,2002,1,16
Juan Dixon,Washington Wizards,2002,1,17
Curtis Borchardt,Orlando Magic,2002,1,18
Ryan Humphrey,Utah Jazz,2002,1,19
Kareem Rush,Toronto Raptors,2002,1,20
Qyntel Woods,Portland Trail Blazers,2002,1,21
Casey Jacobsen,Phoenix Suns,2002,1,22
Tayshaun Prince,Detroit Pistons,2002,1,23
Nenad Krstic,New Jersey Nets,2002,1,24
Frank Williams,Denver Nuggets,2002,1,25
John Salmons,San Antonio Spurs,2002,1,26
Chris Jefferies,Los Angeles Lakers,2002,1,27
Dan Dickau,Sacramento Kings,2002,1,28
Steve Logan,Golden State Warriors,2002,2,1
Roger Mason Jr.,Chicago Bulls,2002,2,2
Robert Archibald,Memphis Grizzlies,2002,2,3
Vincent Yarbrough,Denver Nuggets,2002,2,4
Dan Gadzuric,Milwaukee Bucks,2002,2,5
Carlos Boozer,Cleveland Cavaliers,2002,2,6
Milos Vujanic,New York Knicks,2002,2,7
David Andersen,Atlanta Hawks,2002,2,8
Tito Maddox,Houston Rockets,2002,2,9
Rod Grizzard,Washington Wizards,2002,2,10
Juan Carlos Navarro,Washington Wizards,2002,2,11
Mario Kasun,Los Angeles Clippers,2002,2,12
Flip Murray,Milwaukee Bucks,2002,2,13
Jason Jennings,Portland Trail Blazers,2002,2,14
Lonny Baxter,Chicago Bulls,2002,2,15
Sam Clancy,Philadelphia 76ers,2002,2,16
Matt Barnes,Memphis Grizzlies,2002,2,17
Jamal Sampson,Utah Jazz,2002,2,18
Chris Owens,Milwaukee Bucks,2002,2,19
Peter Fehse,Seattle SuperSonics,2002,2,20
Darius Songaila,Boston Celtics,2002,2,21
Federico Kammerichs,Portland Trail Blazers,2002,2,22
Kwame Brown,Washington Wizards,2001,1,1
Tyson Chandler,Los Angeles Clippers,2001,1,2
Pau Gasol,Atlanta Hawks,2001,1,3
Eddy Curry,Chicago Bulls,2001,1,4
Jason Richardson,Golden State Warriors,2001,1,5
Shane Battier,Memphis Grizzlies,2001,1,6
Eddie Griffin,New Jersey Nets,2001,1,7
DeSagana Diop,Cleveland Cavaliers,2001,1,8
Rodney White,Detroit Pistons,2001,1,9
Joe Johnson,Boston Celtics,2001,1,10
Kedrick Brown,Boston Celtics,2001,1,11
Vladimir Radmanovic,Seattle SuperSonics,2001,1,12
Richard Jefferson,Houston Rockets,2001,1,13
Troy Murphy,Golden State Warriors,2001,1,14
Steven Hunter,Orlando Magic,2001,1,15
Kirk Haston,Charlotte Hornets,2001,1,16
Michael Bradley,Toronto Raptors,2001,1,17
Jason Collins,Houston Rockets,2001,1,18
Zach Randolph,Portland Trail Blazers,2001,1,19
Brendan Haywood,Cleveland Cavaliers,2001,1,20
Joseph Forte,Boston Celtics,2001,1,21
Jeryl Sasser,Orlando Magic,2001,1,22
Brandon Armstrong,Houston Rockets,2001,1,23
Raul Lopez,Utah Jazz,2001,1,24
Gerald Wallace,Sacramento Kings,2001,1,25
Samuel Dalembert,Philadelphia 76ers,2001,1,26
Jamaal Tinsley,Memphis Grizzlies,2001,1,27
Tony Parker,San Antonio Spurs,2001,1,28
Trenton Hassell,Chicago Bulls,2001,2,1
Gilbert Arenas,Golden State Warriors,2001,2,2
Omar Cook,Orlando Magic,2001,2,3
Will Solomon,Memphis Grizzlies,2001,2,4
Terence Morris,Atlanta Hawks,2001,2,5
Brian Scalabrine,New Jersey Nets,2001,2,6
Jeff Trepagnier,Cleveland Cavaliers,2001,2,7
Damone Brown,Philadelphia 76ers,2001,2,8
Mehmet Okur,Detroit Pistons,2001,2,9
Michael Wright,New York Knicks,2001,2,10
Earl Watson,Seattle SuperSonics,2001,2,11
Jamison Brewer,Indiana Pacers,2001,2,12
Bobby Simmons,Seattle SuperSonics,2001,2,13
Eric Chenowith,New York Knicks,2001,2,14
Kyle Hill,Dallas Mavericks,2001,2,15
Sean Lampley,Chicago Bulls,2001,2,16
Loren Woods,Minnesota Timberwolves,2001,2,17
Ousmane Cisse,Denver Nuggets,2001,2,18
Antonis Fotsis,Memphis Grizzlies,2001,2,19
Ken Johnson,Miami Heat,2001,2,20
Ruben Boumtje-Boumtje,Portland Trail Blazers,2001,2,21
Alton Ford,Phoenix Suns,2001,2,22
Kenyon Martin,New Jersey Nets,2000,1,1
Stromile Swift,Vancouver Grizzlies,2000,1,2
Darius Miles,Los Angeles Clippers,2000,1,3
Marcus Fizer,Chicago Bulls,2000,1,4
Mike Miller,Orlando Magic,2000,1,5
DerMarr Johnson,Atlanta Hawks,2000,1,6
Chris Mihm,Chicago Bulls,2000,1,7
Jamal Crawford,Cleveland Cavaliers,2000,1,8
Joel Przybilla,Houston Rockets,2000,1,9
Keyon Dooling,Orlando Magic,2000,1,10
Jerome Moiso,Boston Celtics,2000,1,11
Etan Thomas,Dallas Mavericks,2000,1,12
Courtney Alexander,Orlando Magic,2000,1,13
Mateen Cleaves,Detroit Pistons,2000,1,14
Jason Collier,Milwaukee Bucks,2000,1,15
Hedo Turkoglu,Sacramento Kings,2000,1,16
Desmond Mason,Seattle SuperSonics,2000,1,17
Quentin Richardson,Los Angeles Clippers,2000,1,18
Jamaal Magloire,Charlotte Hornets,2000,1,19
Speedy Claxton,Philadelphia 76ers,2000,1,20
Morris Peterson,Toronto Raptors,2000,1,21
Donnell Harvey,New York Knicks,2000,1,22
DeShawn Stevenson,Utah Jazz,2000,1,23
Dalibor Bagaric,Chicago Bulls,2000,1,24
Jake Tsakalidis,Phoenix Suns,2000,1,25
Mamadou N'diaye,Denver Nuggets,2000,1,26
Primoz Brezec,Indiana Pacers,2000,1,27
Erick Barkley,Portland Trail Blazers,2000,1,28
Mark Madsen,Los Angeles Lakers,2000,1,29
Marko Jaric,Los Angeles Clippers,2000,2,1
Dan Langhi,Dallas Mavericks,2000,2,2
A.J. Guyton,Chicago Bulls,2000,2,3
Jake Voskuhl,Chicago Bulls,2000,2,4
Khalid El-Amin,Chicago Bulls,2000,2,5
Mike Smith,Washington Wizards,2000,2,6
Soumaila Samake,New Jersey Nets,2000,2,7
Eddie House,Miami Heat,2000,2,8
Eduardo Najera,Houston Rockets,2000,2,9
Lavor Postell,New York Knicks,2000,2,10
Hanno Mottola,Atlanta Hawks,2000,2,11
Chris Carrawell,San Antonio Spurs,2000,2,12
Olumide Oyedeji,Seattle SuperSonics,2000,2,13
Michael Redd,Milwaukee Bucks,2000,2,14
Brian Cardinal,Detroit Pistons,2000,2,15
Jabari Smith,Sacramento Kings,2000,2,16
DeeAndre Hulett,Toronto Raptors,2000,2,17
Josip Sesar,Seattle SuperSonics,2000,2,18
Mark Karcher,Philadelphia 76ers,2000,2,19
Jason Hart,Milwaukee Bucks,2000,2,20
Kaniel Dickens,Utah Jazz,2000,2,21